,Hotel,Point,Country,member,Room type,Date,Review Title,Review Contents
0,λ¦¬μ‹μ¨ νΈν…” (Rezion Hotel),10.0,Jinhwi (λ€ν•λ―Όκµ­),μ¶μ¥ μ—¬ν–‰κ°,μνλ¦¬μ–΄ (κΈμ—°),2019λ…„ 2μ›” | 2λ°•,μ¦κ±°μ΄ μ—¬ν–‰μ΄μ—μµλ‹λ‹¤. ,['μΌμ° λ„μ°©ν•μ—¬ μ²΄ν¬μΈν•λ‹ λ·°κ°€ μΆ‹μ€ λ°©μ„ μ£Όμ…¨λ„¤μ”. ν‘μ„ ν•΄μμ•μ¥μ΄ λ°”λ΅ λ³΄μ΄λ‹ λ”μ± μΆ‹μ•μµλ‹λ‹¤. λ°©μ€ κΉ¨λ—ν–κ³  μ•„μ£Όλ¨Έλ‹ μ²­μ†λ„ μ ν•΄ μ£Όμ…¨μ–΄μ”. νΉμ΄ν• κ±΄ μ„Έλ©΄λ€κ°€ μ•μ‹¤ μ•μ— μμ§€ μ•κ³  λ°©μ•μ— μμ–΄μ”. ν•΄κ°€ μ λ“¤μ–΄μ¤μ§€λ§ μ•”λ§‰μ»¤νΌ λ•λ¶„μ— λ°¤μ— ν‘Ή μ‰΄ μ μμ–΄μ„ μΆ‹μ•μµλ‹λ‹¤.']
1,λ¦¬μ‹μ¨ νΈν…” (Rezion Hotel),10.0,younghee (λ€ν•λ―Όκµ­),λ‚ν™€λ΅ μ—¬ν–‰κ°,μνλ¦¬μ–΄ (κΈμ—°),2021λ…„ 10μ›” | 1λ°•,μ„μΉμΆ‹κ³  λ·°μΆ‹κ³  μ‚¬μ¥λ‹ μΆ‹μ•„μ—¬.,['νΈν…” λ°”λ΅ μ•μ΄ λ²„μ¤ μ •λ¥μ¥μ΄λΌ λλ²…μ΄μΈ μ €μ—κ² μµκ³ μ μ„μΉμ€μ–΄μ—¬. κ³ μΈµ.λ°”λ‹¤λ·°λ΅ μ—…κΈ€ν•΄ μ£Όμ…”μ„ λ©‹μ§„ μΌμ¶κ³Ό μΌλ°μ„ λ³Όμ μμ—μ–΄μ—¬. ν‘μ„ ν•΄μμ•μ¥ λ„λ³΄5λ¶„ μ μ£Όλ―Όμ†μ΄ λ„λ³΄10λ¶„ μ£Όλ³€μ— λ§›μ§‘λ„ λ§κ³  λ·° μΆ‹μ€ μΉ΄νλ„ μκ³  νΈν…” μ‚¬μ¥λ‹μ΄ μ‚¬νƒ•λ„ μ£Όμ‹κ³  λ§μ¤ν¬λ„ μ£Όμ‹κ³  μ„Έμ‹¬ν•κ² λ°°λ ¤ν•΄ μ£Όμ…”μ„ λ§νΈν λ¬µκ³  κ°‘λ‹λ‹¤. μ¬λ°©λ¬Έ 100%μ…λ‹λ‹¤.κ°μ‚¬ν•©λ‹λ‹¤^^']
2,λ¦¬μ‹μ¨ νΈν…” (Rezion Hotel),10.0,yujin (λ€ν•λ―Όκµ­),λ‚ν™€λ΅ μ—¬ν–‰κ°,μνλ¦¬μ–΄ (κΈμ—°),2021λ…„ 8μ›” | 1λ°•,μΉμ ν• μ„λΉ„μ¤μ— λ°”λ‹¤λ·°! κ°€μ„±λΉ„κ°‘!!,"['μ„λΉ„μ¤λ„ μΆ‹μ•κ³ , 1μΈµμ— νΈμμ μ΄ μμ–΄μ„ νΈν–μ–΄μ”!!!! λ°”λ‹¤λ·°λ΅ λ°”κΎΈμ—λ”λ° μ§„μ§ λ°”κΎΈκΈΈ μν–λ‹¨ μƒκ°μ„ ν–μ–΄μ”!! κ°€μ„±λΉ„ κ°‘μ— μ¤μ…λ·°κΉμ§€ μμ–΄μ„ λ‹΄μ— λ μ΄μ©ν• κ²μ”!!!']"
3,λ¦¬μ‹μ¨ νΈν…” (Rezion Hotel),10.0,HAESU (λ€ν•λ―Όκµ­),λ‚ν™€λ΅ μ—¬ν–‰κ°,μνλ¦¬μ–΄ (κΈμ—°),2021λ…„ 3μ›” | 1λ°•,λ§¤λ² ν‘μ„ μ—μ¤λ©΄ λ¦¬μ‹μ¨μ— λ¬µμµλ‹λ‹¤,['μ‚¬μ¥λ‹κ³Ό μ§μ›λ¶„λ“¤ μ—„μ²­ μΉμ ν•μ‹κ³  κ°μ‚¬ν•κ² λ” μΆ‹μ€ λ°©μΌλ΅ μ£Όμ…¨μ–΄μ”!γ…γ… λ§¤λ² λ§μ΅±ν•©λ‹λ‹¤^^']
4,λ¦¬μ‹μ¨ νΈν…” (Rezion Hotel),9.6,Shin (λ€ν•λ―Όκµ­),λ‚ν™€λ΅ μ—¬ν–‰κ°,μνλ¦¬μ–΄ (κΈμ—°),2019λ…„ 8μ›” | 1λ°•,μμ‰¬μ—μ–΄μ”^^,"['μ—¬ν–‰μ¤‘ κ°‘μκΈ° λΈμ΄μ•μΆ‹μ•„ κΈ‰ν λ°©μ„μ•μ•„λ³΄λ‹¤κ°€ μ €λ ΄ν•κ³  κ°€κΉμ΄ μ™μ†κ°€μμ–΄ μμ•½ν›„ λ°©λ¬Έν•κ²λμ—λ”λ° μΉμ ν•μ‹  μ‚¬μ¥λ‹κ»μ„ λ£Έ μ—…λ„ν•΄μ£Όμ‹κ³ , λ°¤μƒ μ•„ν”„λ©΄ μ•½λ„μ¬λ ¤λ‹¤μ£Όμ‹ λ‹¤λ” λ”°λ»ν• ν•λ§λ””μ— λΈλ„ λ§λ„ νΈνμμ‰¬λ‹¤μ™”λ„¤μ”. κ°μ‚¬ν•©λ‹λ‹¤.']"
5,λ¦¬μ‹μ¨ νΈν…” (Rezion Hotel),10.0,Donghyo (λ€ν•λ―Όκµ­),μ¶μ¥ μ—¬ν–‰κ°,μνλ¦¬μ–΄ (κΈμ—°),2018λ…„ 5μ›” | 1λ°•,κΉ¨λ—ν•¨,"['μΌλ‹¨ ν‘μ„ μ—μ„λ” μ μΌ κΉ¨λ—ν• μ™μ†μ…λ‹λ‹¤. μ‚¬μ¥λ‹μ΄ λ§¤μ° μΉμ ν•μ‹κ³ , μ΅°μ‹λ„ λ¨Ήμ„λ§ ν•©λ‹λ‹¤.']"
6,λ¦¬μ‹μ¨ νΈν…” (Rezion Hotel),10.0,HYUNG (λ€ν•λ―Όκµ­),λ‚ν™€λ΅ μ—¬ν–‰κ°,μνλ¦¬μ–΄ (κΈμ—°),2021λ…„ 3μ›” | 1λ°•,ν›λ¥­ν•μ™μ†,['κ°€κ²©λ€λΉ„ ν›λ¥­ν•λ©° μ‚¬μ¥λ‹λ„ λ§μ΄ μ‹ κ²½μ¨μ£Όμ‹κ³  μΉμ ν•μ‹­λ‹λ‹¤']
7,λ¦¬μ‹μ¨ νΈν…” (Rezion Hotel),9.2,YEJI (λ€ν•λ―Όκµ­),λ‚ν™€λ΅ μ—¬ν–‰κ°,μνλ¦¬μ–΄ (κΈμ—°),2022λ…„ 2μ›” | 1λ°•,μµκ³ ,['κΈ‰ν•κ² μ΅μ€ μ™μ†μ€λ”λ° κ°€κ²©λ€λΉ„ κΉ”λ”ν•κ³  μΆ‹μ•μ–΄μ”! μ§μ›λ¶„λ“¤λ„ μΉμ ν•μ‹κ³  μ™μ†μ„μΉλ„ μ£Όλ³€νΈμμ‹μ„¤κ³Ό κ°€κΉμ›μ” μ΄μ΄ μΆ‹κ²λ„ μ¤μ…λ·°λ΅ μ—…κ·Έλ μ΄λ“ ν•΄μ£Όμ…”μ„ μ•„μΉ¨μ— μ°½λ°–μΌλ΅ λ„λ¬΄ μΆ‹μ•μµλ‹λ‹¤ μ €λ” κ°μΈμ μΌλ΅ λ§μ΅±μ¤λ½κ² μ΄μ©ν–κ³  μ¶”μ²ν•©λ‹λ‹¤!']
8,λ¦¬μ‹μ¨ νΈν…” (Rezion Hotel),10.0,TAE (λ€ν•λ―Όκµ­),μ»¤ν”/2μΈ μ—¬ν–‰κ°,μνλ¦¬μ–΄ (κΈμ—°),2020λ…„ 5μ›” | 1λ°•,μµκ³ ,['κΉ¨λ—ν•κ³ ....μ•„μ£ΌμΆ‹μ•„μ”.....μ κ·Ήμ¶”μ²']
9,λ¦¬μ‹μ¨ νΈν…” (Rezion Hotel),9.2,Se (λ€ν•λ―Όκµ­),κ·Έλ£Ή μ—¬ν–‰κ°,λ”λΈ”λ£Έ/νΈμλ£Έ - λ°”λ‹¤ μ „λ§,2022λ…„ 2μ›” | 1λ°•,μµκ³ ,['μ„Έλ©΄λ€κ°€ λ°© μ•μ— μμ–΄μ„ μ΅°κΈ λ‹Ήν™©ν• κ±° λ§κ³ λ” μΆ‹μ•μµλ‹λ‹¤! ν”„λ΅ νΈμ— κ³„μ‹  μ§μ›λ¶„μ΄ λ§¤μ° μΉμ ν–μ–΄μ”!']
10,λ¦¬μ‹μ¨ νΈν…” (Rezion Hotel),9.2,Seunghyun (λ€ν•λ―Όκµ­),μ»¤ν”/2μΈ μ—¬ν–‰κ°,μνλ¦¬μ–΄ (κΈμ—°),2022λ…„ 3μ›” | 1λ°•,κ·Έλƒ¥ ν‘μ„ μ—μ„ μ§€λ‚΄κΈ° κ΄μ°®μ€ νΈν…”,['μΉμ ν•©λ‹λ‹¤ μ„μΉκ°€ μΆ‹μµλ‹λ‹¤ μ£Όμ°¨κ°€ λ¶νΈν•κµ μ‹μ„¤μ€ λ³΄ν†µμ…λ‹λ‹¤']
11,λ¦¬μ‹μ¨ νΈν…” (Rezion Hotel),10.0,hyoungjoon (λ€ν•λ―Όκµ­),λ‚ν™€λ΅ μ—¬ν–‰κ°,μ¤μ… νΈμ,2021λ…„ 6μ›” | 1λ°•,μΆ‹μ•„μ”,['μΆ‹μ•„μ” μΆ‹μ•„μ”']
12,λ¦¬μ‹μ¨ νΈν…” (Rezion Hotel),9.6,Jae (λ€ν•λ―Όκµ­),μ»¤ν”/2μΈ μ—¬ν–‰κ°,μνλ¦¬μ–΄ (κΈμ—°),2022λ…„ 8μ›” | 3λ°•,κΉ”λ”ν• νΈν…”,"['κ°€μ„±λΉ„ κµΏ, κΉ”λ”ν•κ³  μΎμ ν• νΈν…”']"
13,λ¦¬μ‹μ¨ νΈν…” (Rezion Hotel),9.2,Gwang (λ€ν•λ―Όκµ­),λ‚ν™€λ΅ μ—¬ν–‰κ°,μνλ¦¬μ–΄ (κΈμ—°),2021λ…„ 2μ›” | 2λ°•,ν‘μ„  μ μΌ νΈν…”,"['ν‘μ„ λ©΄ μ¤‘μ‹¬, ν•΄μμ•μ¥μ— κ°€κΉκ³ , κ³µν•­λ²„μ¤ μ΄μ©μ‹ μ •λ¥μ¥μ—μ„ νΈν…”κΉμ§€ 200 μ΄λ‚΄']"
14,λ¦¬μ‹μ¨ νΈν…” (Rezion Hotel),8.0,JAEWOO (λ€ν•λ―Όκµ­),μ»¤ν”/2μΈ μ—¬ν–‰κ°,λ”λΈ”λ£Έ/νΈμλ£Έ - λ°”λ‹¤ μ „λ§,2021λ…„ 8μ›” | 1λ°•,κ°€μ„±λΉ„ μΆ‹μ€ νΈν…”,"['ν‘μ„  μ‹κ°€μ§€ μ¤‘μ‹¬μ—μ„ κ°€κΉμ› κµν†µμ΄ νΈλ¦¬ν•λ‹¤. ν‘μ„ ν•΄μμ•μ¥ μ…κµ¬μ™€ κ°€κΉμ› ν•΄μμ• ν›„ μƒ¤μ›μ¥ μ΄μ©ν•  ν•„μ”μ—†μ΄ κ±Έμ–΄λ“¤μ–΄μ¬ μ μμ. λ¬΄μ¨ μλ¬ΈμΈμ§€ μ •λ¬Έμ€ λ‹«ν€μκ³  ν›„λ¬Έλ§ μ—΄λ ¤μμ—κ³ , ν”„λ΅ νΈ λ°μ¤ν¬λ„ μ¶•μ† μ΄μν•λ” λ“― ν–μ. κ°μ‹¤μ€ κΉ¨λ—ν•μ§€λ§ μΆ€ μ¤λλ λλ‚μ€ μ–΄μ©” μ μ—†μ. μ¨μκ°€ μ›ν™ν λ‚μ¤μ§€ μ•μ•„ λ―Έμ§€κ·Όν• λ¬Όμ„ μ‚¬μ©ν–μ. μ–΄λ κ°μ‹¤μ—μ„ κ°€ λ‹΄λ°°λ¥Ό ν΄μ„ λƒ„μƒκ°€ μΆ€ λ“¤μ–΄μ™€μ„ μ§μ¦λ‚¬μ. κ°€μ„±λΉ„λ¥Ό μ°μ„ μΌλ΅ λ‘λ” μ—¬ν–‰κ°μ΄λ©΄ μ„ νƒν• λ§ν• μ™μ†.']"
15,λ¦¬μ‹μ¨ νΈν…” (Rezion Hotel),7.6,eunbi (λ€ν•λ―Όκµ­),λ‚ν™€λ΅ μ—¬ν–‰κ°,μ¤μ… νΈμ,2020λ…„ 10μ›” | 1λ°•,"μ΄ μ •λ„ κ°€κ²©μΌλ΅ λ§μ€ κ±Έ λ°”λΌμ§€ μ•μ•„μ”, μ΄ μ •λ„λ©΄ μ¶©λ¶„ν•μ£ ! μ΄λ°μ •λ„??γ…γ…","['λΌμ΄λ”©μ„ μμ •ν•κ³  μ¨ μ΄λ³΄ λΌμ΄λ”λ“¤μ΄λΌ μ™μ†λ” ν•λ‚λ„ μμ•½μ„ μ•ν–μ–΄μ”~ λ©μ μ§€ μ£Όλ³€ κ°€κΉμ› μ΅μ„ λ• μ°Ύμ•„μ„ μμ•½ν•κ³  ν–μ–΄μ”~ μΌλ‹¨ μ„μΉλ” μ΅°κΈ μ–Έλ•κΈΈ μ„μ— μ„μΉν•κ³  μμ–΄μ„ λ‚μμ§€λ” μ•μ§€λ§ μ™„μ „ μΆ‹λ‹¤ μ΄μ •λ„λ” μ•„λ‹κµ¬μ”, μ§μ›λ¶„λ“¤μ€ μΉμ ν•μ‹  νΈμ΄μ—λ”λ° κ°€μ΅±λ¶„λ“¤μ΄ ν•μ‹λ”κ±΄μ§€ μ΅°κΈ μ²΄κ³„κ°€ μ—†λ”λλ‚? μ •μ‹ μ—†λ”λλ‚? μ΄ λ“¤μ—μ–΄μ”~ μ²­κ²°μ€ λ‚μμ§€μ•μ•μ–΄μ”! μ™μ† λ¨Έλ¬ΌκΈ°μ— λ¶νΈν•¨μ—†λ” μ •λ„μ€μµλ‹λ‹¤ γ…γ…']"
16,λ¦¬μ‹μ¨ νΈν…” (Rezion Hotel),8.0,Stacie (λ€ν•λ―Όκµ­),λ‚ν™€λ΅ μ—¬ν–‰κ°,λ”λΈ”λ£Έ/νΈμλ£Έ - λ°”λ‹¤ μ „λ§,2022λ…„ 8μ›” | 3λ°•,μ„μΉμµκ³ ,['μ΅°κΈ μ—°μ‹μλ” νΈν…”κ°™μ§€λ§ λ„λ¬΄ μ΅°μ©ν μ μ§€λ‚΄λ‹¤ κ°μμμ–΄μ”. μ¬λ κΈΈ κ±·λ‹¤λ³΄λ©΄ μ—¬κΈ° μ„μΉ λ„λ¬΄ μΆ‹μ•„μ”. λ°”λ΅ μ•μ— λ²„μ¤μ •λ¥μ¥μκ³  μ΅°κΈλ§ κ±ΈμΌλ©΄ λ°”λ‹¤λ³΄μ΄κ³  1μΈµμ— νΈμμ μκ³  μ €λ” λ§μ΅±ν•©λ‹λ‹¤. λ‹¤λ§ κ·Όμ²μ— νΈν…”μ΄ μ—†μ–΄μ„ κ·Έλ°μ§€ μ‹μ„¤μ— λΉ„ν•΄ λ‹¤μ† λΉ„μ‹Όκ°μ΄ μμ§€λ§ μ €λ” μ¶”μ²μ΄μ”~~']
17,λ¦¬μ‹μ¨ νΈν…” (Rezion Hotel),8.4,HAE (λ€ν•λ―Όκµ­),λ‚ν™€λ΅ μ—¬ν–‰κ°,μνλ¦¬μ–΄ (κΈμ—°),2020λ…„ 3μ›” | 1λ°•,κ°€κ²©λ€λΉ„ μΆ‹μ•μ–΄μ”.,['μ§μ›λ¶„λ“¤μ΄ μΉμ ν•μ…¨κ³  μ„μΉλ„ κ΄μ°®μ•μ–΄μ”!']
18,λ¦¬μ‹μ¨ νΈν…” (Rezion Hotel),9.2,DUKSU (λ€ν•λ―Όκµ­),μ»¤ν”/2μΈ μ—¬ν–‰κ°,μ¤μ… νΈμ,2019λ…„ 8μ›” | 2λ°•,μµκ³ ,['κ°€κ²©λ€λΉ„ κΉ”λ”']
19,λ¦¬μ‹μ¨ νΈν…” (Rezion Hotel),8.4,jeongeun (λ€ν•λ―Όκµ­),μ»¤ν”/2μΈ μ—¬ν–‰κ°,μ¤μ… νΈμ,2019λ…„ 8μ›” | 1λ°•,λ§μ΅±μ΄μ—¬,['μ„μΉλ„ κ΄μ°®κ³  1μΈµμ— νΈμμ μ΄ μμ—μ–΄μ” κ°μ‹¤μ€ μ΅°κΈ μ‘μ§€λ§ κ°€μ„±λΉ„ κ΄μ°®μ•„μ”']
20,λ¦¬μ‹μ¨ νΈν…” (Rezion Hotel),8.0,Gwang (λ€ν•λ―Όκµ­),λ‚ν™€λ΅ μ—¬ν–‰κ°,μνλ¦¬μ–΄ (κΈμ—°),2021λ…„ 5μ›” | 2λ°•,ν‘μ„ μ μ¤‘μ‹¬μ— μ„μΉ,"['ν‘μ„ λ©΄ μ¤‘μ‹¬μ— μ„μΉ, μ‹μ„¤μ€ λ‚΅μ•μΌλ‚ μ²­μ† μƒνƒλ” μ–‘νΈ μ™λ°•λ§μ„ λ©μ μΌλ΅ ν•κΈ°μ—” μ λ‹Ή']"
21,λ¦¬μ‹μ¨ νΈν…” (Rezion Hotel),8.4,SOON-JE (λ€ν•λ―Όκµ­),μ»¤ν”/2μΈ μ—¬ν–‰κ°,μ¤μ… νΈμ,2020λ…„ 3μ›” | 1λ°•,μ°μ,['κ°€μ„±λΉ„ ν›λ¥­ν•©λ‹λ‹¤. ν‘μ„  μ¤‘μ‹¬μ§€μ— μμ–΄μ„ μ£Όλ³€ κ΄€κ΄‘ νΈ λ¦¬ν•©λ‹λ‹¤']
22,λ¦¬μ‹μ¨ νΈν…” (Rezion Hotel),8.4,DONG (λ€ν•λ―Όκµ­),μ»¤ν”/2μΈ μ—¬ν–‰κ°,μνλ¦¬μ–΄ (κΈμ—°),2022λ…„ 7μ›” | 1λ°•,κ°€κ²©λ€λΉ„ κ΄μ°®μ€ κ³³,['μ™μ† κΉ¨λ—ν•κ³  κ°€κ²©λ€λΉ„ κ΄μ°®μ€ κ³³μ…λ‹λ‹¤.']
23,λ¦¬μ‹μ¨ νΈν…” (Rezion Hotel),7.6,jungeun (λ€ν•λ―Όκµ­),μ¶μ¥ μ—¬ν–‰κ°,μνλ¦¬μ–΄ (κΈμ—°),2022λ…„ 5μ›” | 2λ°•,κ°€μ„±λΉ„ μΆ‹μ€ κ³³,"['μ¤λλ κ³³μ΄λΌ λƒ„μƒκ°€ μΆ€ μμ—κ³ , κ°μλ€κ°€ λ°©μ•μ— μμ–΄μ„ λ‹Ήν™©! κ·Όλ° λ¬Όλ„ μ μ•λ‚΄λ ¤κ°€κ³ ..γ…  μ°½λ¬Έμ„ ν™μ§ λ»μ—΄μ–΄μ„ μ•„μ‰½..γ… γ…  μ§μ›λ¶„λ“¤μ€ λ„λ¬΄ μΉμ ν•΄μ„ λ³„ μ¶”κ°€ν–μ”λ‹λ‹¤.!^^']"
24,λ¦¬μ‹μ¨ νΈν…” (Rezion Hotel),7.6,Gwang (λ€ν•λ―Όκµ­),λ‚ν™€λ΅ μ—¬ν–‰κ°,λ””λ­μ¤ μ¤μ…λ·° λ£Έ,2020λ…„ 2μ›” | 3λ°•,"μΆ‹μ€ μ„μΉ, μ μ ν• κ°€κ²©",['μ μ£Όλ„ λ™λ¶€μ§€μ—­μ—¬ν–‰μ— μ ν•©ν•¨ ν‘μ„ λ©΄μ‚¬λ¬΄μ†μ™€ μΈμ ‘ν•μ—¬ μ μ£Όλ„λ―Όλ“¤μ΄ μ΄μ©ν•λ” μμ‹μ  μ ‘κ·Όμ΄ νΈλ¦¬ κ³µν•­μ§ν–‰λ²„μ¤ μ •λ¥μ†μ™€ μΈμ ‘']
25,λ¦¬μ‹μ¨ νΈν…” (Rezion Hotel),7.6,na,μ»¤ν”/2μΈ μ—¬ν–‰κ°,μ¤μ… νΈμ,2019λ…„ 11μ›” | 1λ°•,λ¦¬μ‹μ¨ νΈν…” λ°©μμ΄ μ•λμ–΄μ„ μ•„μ‰¬μ› μ–΄μ”,['λ³µλ„μ—μ„ λ– λ“λ” μ†λ¦¬κ°€ λ„λ¬΄ μλ“¤λ ¤μ„ μ•„μ‰¬μ› μ–΄μ” γ…  κ°€κ²©λ€λΉ„λ” λ‚μμ§€ μ•κ³  μΈν¬ μ–Έλ‹κ°€ μ¤‘κµ­λ¶„μ΄μ‹λ”λΌκ³ μ” γ… 1μΈµμ— νΈμμ  μμ–΄μ„ νΈν–μ–΄μ—¬ μ„Έλ©΄λ€ λ¬Όμ΄ μ μ•λΉ μ Έμ„ μ•„μ‰¬μ› κ³  μ•μ‹¤ μƒ¤μ›κΈ°λ¶€λ¶„μ΄ μ§€μ €λ¶„ν•΄μ„ λκ°κ³  μƒ¤μ›ν–μ–΄μ” γ… γ… ']
26,λ¦¬μ‹μ¨ νΈν…” (Rezion Hotel),7.2,JUWAN (λ€ν•λ―Όκµ­),μ¶μ¥ μ—¬ν–‰κ°,λ”λΈ”λ£Έ/νΈμλ£Έ - λ°”λ‹¤ μ „λ§,2022λ…„ 7μ›” | 1λ°•,ν•©λ¦¬μ μΈ κ°€κ²©λ€μ μ¤‘κµ­ λ‹¨μ²΄ μ—¬ν–‰κ°μ„ μ„ν• νΈν…”,"['μ½”λ΅λ‚ μ‹κµ­μ΄μ „μ΄λΌλ©΄ μ¤‘κµ­ λ‹¨μ²΄ μ—¬ν–‰κ°μ΄ λ§μ•μ„ νΈν…”, μ‚¬μ¥λ‹μ μΉμ ν•¨κ³Ό λ€λΉ„ν•μ—¬ λ¶λ‰ν• μ„μƒμƒνƒ λ­”μ§€ λ¨λ¥Ό λ©μ©νƒ• μ•„λΉ  μ¤ν‚¨λƒ„μƒμ λ°©. μ°½λ¬Έμ€ μ—΄κ³  λ°©μ¶©λ§μ„ λ‹«μ„μ μ—†λ„λ΅ λ§λ“  μ°½λ¬Έ, κ°€κ²©λ€λΉ„ μμν–μΌλ‚ κ°€κ²©λ§ν• μ‹μ„¤']"
27,λ¦¬μ‹μ¨ νΈν…” (Rezion Hotel),8.4,seungyeon (λ€ν•λ―Όκµ­),μ»¤ν”/2μΈ μ—¬ν–‰κ°,μνλ¦¬μ–΄ (κΈμ—°),2022λ…„ 2μ›” | 1λ°•,μ„μΉκµΏ,['κ°€κ²©λ€λΉ„ κ΄μ°®μ•„μ”']
28,λ¦¬μ‹μ¨ νΈν…” (Rezion Hotel),7.6,RHO (λ€ν•λ―Όκµ­),λ‚ν™€λ΅ μ—¬ν–‰κ°,μνλ¦¬μ–΄ (κΈμ—°),2020λ…„ 3μ›” | 1λ°•,νΌμμ—¬ν–‰,['νΌμμ—¬ν–‰ν•λ” λ¶„μ΄λΌλ©΄ μ¶”μ²λ“λ¦½λ‹λ‹¤. νΉν νΈλ ν‚Ή λ“±μ„ λ©μ μΌλ΅ ν•μ‹λ”λ¶„λ“¤μ€ μΆ‹μµλ‹λ‹¤ TVλ“±μ΄ μ—†μ–΄μ„ κ°„λ‹¨ν μ λ§ μ£Όλ¬΄μ‹¤λ¶„ μΆ‹μ•„μ”']
29,λ¦¬μ‹μ¨ νΈν…” (Rezion Hotel),7.6,Gwang (λ€ν•λ―Όκµ­),λ‚ν™€λ΅ μ—¬ν–‰κ°,μ¤μ… νΈμ,2020λ…„ 10μ›” | 2λ°•,"ν‘μ„ λ©΄ μ¤‘μ‹¬, ν•΄μμ•μ¥μ€ μ•½κ°„ λ¨ΌνΈμ„","['ν‘μ„ λ©΄μ‚¬λ¬΄μ† μΈκ·Ό, κ³µν•­μ—μ„ κΈ‰ν–‰λ²„μ¤λ¥Ό νƒ€λ©΄ ν•μ°¨ν•μ—¬ λ„λ³΄ 3-5λ¶„ κ±°λ¦¬μ— μ„μΉν•¨ λ©΄μ μ¤‘μ‹¬μ— μ„μΉ']"
30,λ¦¬μ‹μ¨ νΈν…” (Rezion Hotel),7.6,Gwang (λ€ν•λ―Όκµ­),λ‚ν™€λ΅ μ—¬ν–‰κ°,μνλ¦¬μ–΄ (κΈμ—°),2021λ…„ 9μ›” | 2λ°•,ν‘μ„ λ©΄μ‚¬λ¬΄μ† μ†μ¬ μ μΌ νΈν…”,['μ™λ°•λ§ ν•κΈ° μ λ‹Ή λ¶€λ€μ‹μ„¤μ€ μ—†μ κ³µν•­λ²„μ¤ μ •λ¥μ¥ μΈμ ‘ μ£Όλ³€μ— λ§μ€ μμ‹μ  ν•΄μμ•μ¥κΉμ§€ κ±Έμ–΄μ„ 10λ¶„ λ‚΄μ™Έ']
31,λ¦¬μ‹μ¨ νΈν…” (Rezion Hotel),8.0,Mi (λ€ν•λ―Όκµ­),μ²­μ†λ…„ λ™λ° κ°€μ΅± μ—¬ν–‰κ°,λ”λΈ”λ£Έ/νΈμλ£Έ - λ°”λ‹¤ μ „λ§,2022λ…„ 7μ›” | 1λ°•,λ§¤μ° μΆ‹μ,['μ μ£Όλ―Όμ†μ΄μ— κ°€κΈ° μ„ν•΄ 1λ°•ν–λ μ¥μ†!! κ°€μ„±λ€λΉ„ κ°‘!']
32,λ¦¬μ‹μ¨ νΈν…” (Rezion Hotel),7.2,DONGMIN (λ€ν•λ―Όκµ­),λ‚ν™€λ΅ μ—¬ν–‰κ°,μ¤μ… νΈμ,2019λ…„ 12μ›” | 1λ°•,νΈν…”μ΄λΌκΈ°λ³΄λ‹¤λ”...,['λΉ„μ·ν•κ°€κ²©μ— λ‹¤λ¥ΈνΈν…”λ“¤μ΄ μΆ‹μ•„μ„ κ·Έλ¬λ”μ§€ μΉ¨κµ¬λ¥λ” μΆ‹μ•μΌλ‚... κ·Έλƒ¥ κ·λ¨κ°€ν° λ¨ν…” κ°™μ•μ–΄μ” μ‚¬μ „κ²°μ κ°€ λλ‚¬λ”λ°λ„ μ‚¬μ¥λ‹μ΄ κ²°μ ν•΄μ•Όν•λ‹¤κ³  ν•΄μ„ μ²΄ν¬μΈλ¶€ν„° μ•½κ°„μνΈλ¬λΈ”λ„ μμ—κ³  ν‹°λΉ™ μ†λ¦¬κ°€ μ•λ“¤λ ¤ λ¬Έμν–λ”λ‹ λ΄μ£Όμ‹κΈ°λ” ν•μ…¨λ”λ° ν•΄κ²°μ€ μ•ν•΄μ£Όμ…¨μ–΄μ”']
33,λ¦¬μ‹μ¨ νΈν…” (Rezion Hotel),7.6,hyun (λ€ν•λ―Όκµ­),μ»¤ν”/2μΈ μ—¬ν–‰κ°,μνλ¦¬μ–΄ (κΈμ—°),2021λ…„ 7μ›” | 2λ°•,μ „λ°μ κ΄μ°®μ,['κ°€κ²©λ€λΉ„μΆ‹λ‹¤ μ—°μ‹λκ±΄λ¬ΌμΉκ³  κ΄€λ¦¬μλνΈ κ·Όμ²μ— νΈν…”λ§μ§€μ•μ•„μ„ κ·Έλƒ¥μ„ νƒν•κ²ƒλ„ κ΄μ°®μ•λ‹¤']
34,λ¦¬μ‹μ¨ νΈν…” (Rezion Hotel),6.7,Joung (λ€ν•λ―Όκµ­),λ‚ν™€λ΅ μ—¬ν–‰κ°,μνλ¦¬μ–΄ (κΈμ—°),2020λ…„ 6μ›” | 1λ°•,ν‘μ„ λ°”λ‹·κ°€ μ ‘κ·Όμ„± μΆ‹μ•„μ”.,['μ™λ°•λΉ„ λ€λΉ„ν•΄μ„ ν‰κ°€ν•΄ λ“λ Έμ–΄μ”. νΈν…”κΈ‰ κΈ°λ€ν•λ©΄ μ•„λ‹λμ¬μ‹λ‹¤ ^^ *μΉ¨κµ¬λ¥μ™€ μ‹¤λ‚΄λ” κΉ¨λ—ν• νΈ. *μ°½λ°–μΌλ΅ λ°”λ‹¤ λ°±μ‚¬μ¥ μ΅°κΈ λ³΄μ—¬μ”. * κ±Έμ–΄μ„ 5λ¶„μ •λ„.... ν‘μ„ λ°”λ‹·κ°€ κ° μ μμ–΄μ”. *νΈμμ μ΄ 1μΈµλ΅λΉ„μ— μμ–΄ νΈν•΄μ”. λ¶νΈν–λκ±΄.... μ…μ‹¤ μ‹κ°„κΉμ§€ λ‹΄λ‹Ήμ§μ›μ΄ μ—†μ–΄ 2μ‹κ°„ λ„κ² μ™”λ‹¤κ°”λ‹¤ κΈ°λ‹¤λ¦Ό. μ‹¤λ‚΄ μ²μ¥μ—μ–΄μ½ μ²­μ†λ¶λ‰. κ·Έλƒ¥μ €λƒ¥ κ°€μ„±λΉ„ μΆ‹μ•„μ”.']
35,λ¦¬μ‹μ¨ νΈν…” (Rezion Hotel),8.0,JIYOUNG (λ€ν•λ―Όκµ­),λ‚ν™€λ΅ μ—¬ν–‰κ°,μνλ¦¬μ–΄ (κΈμ—°),2020λ…„ 8μ›” | 1λ°•,μ μ‰¬λ‹¤μ™”μ–΄μ”,['μ μ‰¬λ‹¤ μ™”μ–΄μ”']
36,λ¦¬μ‹μ¨ νΈν…” (Rezion Hotel),6.4,KWANWOO (λ€ν•λ―Όκµ­),λ‚ν™€λ΅ μ—¬ν–‰κ°,μνλ¦¬μ–΄ (κΈμ—°),2019λ…„ 8μ›” | 1λ°•,κΉ”λ”ν•μ§€λ§ μ„λΉ„μ¤κ°€ μ•„μ‰¬μ΄,['μ™μ†λ” κ°€κ²©λ€λΉ„ ν¬κ² ν μ΅μ„ κ³³μ€ μ—†μ–΄μ”. λ‹¤λ§ μ„λΉ„μ¤κ°€ μ•½κ°„ μ•„μ‰¬μ›μ”. μ£ΌμΈ λ¶€λ¶€κ°€ μ΄μ μ¤‘μΈλ° μ•„μ£Όλ¨Έλ‹λ” μΉμ μ€ ν•μ‹ λ° κ·€μ— μ΄μ–΄ν° κΌ½κ³  μΌν•λ©΄μ„ μ–κΈ°ν•λ©΄ μκΎΈ λ„¤?λ„¤? λ¬Όμ–΄λ³΄κ³  μ•„μ €μ”¨λ” μκΎΈ μ¤μ…λ·°λ‚ μƒκΈ‰λ°©μΌλ΅ κ¶ν•λ”λΌκµ¬μ” μ—…κ·Έλ μ΄λ“ μ•„λ‹κ³  λλ‚΄κ³ . κ·Έλ¦¬κ³  λ¬Όκ±΄ λ†“κ³ κ°€μ„ μ €λ…μ— μ „ν™”ν–λ”λ‹ μ²­μ† μ•„μ¤λ§ ν‡΄κ·Όν•΄μ„ λ‚΄μΌ μ „ν™”μ£Όκ² λ‹¤λ”λ‹ μ „ν™”λ„ μ—†κ³  λ‹¤μ‹ μ „ν™”ν•λ‹ μκΈ° λ°”μλ‹κΉ λ‚μ¤‘μ— λ‹¤μ‹ μ „ν™”μ¤€λ‹¤κ³  λκ³  μ„λΉ„μ¤κ°€ λ³„λ΅μ—μ”.']
37,λ¦¬μ‹μ¨ νΈν…” (Rezion Hotel),7.6,hyounsoo (λ€ν•λ―Όκµ­),μ»¤ν”/2μΈ μ—¬ν–‰κ°,λ””λ­μ¤ μ¤μ…λ·° λ£Έ,2019λ…„ 8μ›” | 1λ°•,λ§¤μ° μΆ‹μ,['κ°€κ²©λ€λΉ„ ν›λ¥­ν•΄μ” μ•„μ£Ό μ‹¤μ©μ μ…λ‹λ‹¤.']
38,λ¦¬μ‹μ¨ νΈν…” (Rezion Hotel),6.4,KYUNG (λ€ν•λ―Όκµ­),λ‚ν™€λ΅ μ—¬ν–‰κ°,μνλ¦¬μ–΄ (κΈμ—°),2019λ…„ 7μ›” | 2λ°•,μ–‘νΈ,"['μ λ§ μ£Όλ¬΄μ‹ λ‹¤λ©΄ μ„ νƒν•μ…”λ„ μΆ‹μµλ‹λ‹¤λ§, κ·Έ μ™Έμ—λ” κΈ°λ€ν•μ§€ μ•λ”κ² λ‚μ„ λ“― ν•©λ‹λ‹¤. μΌλ‹¨ λ·° μΆ‹μ€ κ³ μΈµλ°© λ°°μ •μ€ κΈ°λ€ν•μ§€ λ§μ„Έμ”. λ°©μ΄ λ§μ΄ λ‚¨μ€κ±° μ•κ³  κ³ μΈµλ°°μ • λ―Έλ¦¬ μ”μ²­ν•λ‹, κ³ μΈµμ€ μ–Έμ  μ¬μ§€λ„ λ¨λ¥Ό κ³¨ν”„μ¥ κ³ κ°μ©μΌλ΅ λ‚¨κ²¨ λ†“λ”λ‹¤λ”κµ°μ”.(μ‹¤μ λ΅ μ „κ°μ‹¤ 6μΈµμ΄μƒ λ°©λ°°μ • μ—†μ—μ) μ΄μ κ°€ μ–΄μ΄λ„ μ—†μ§€λ§ λ°¤μ— λ³΄λ‹ κ³¨ν”„μ¥ κ³ κ°μ΄ μ•„λ‹ ν„μ§€ μ ν¥μ—…μ† μ§μλ“¤κ³Ό μ†λ‹λ“¤μ΄ ν„μ¥μ—μ„ μ²΄ν¬μΈ ν•λ”κµ°μ”. μμµμ— λ„μ›€μ΄ λκΈ° λ•λ¬ΈμΌ μλ„ μκ² μ£ . κΈ°λ€μΉ μ—†μ΄ λ¨Έλ¬΄μ‹ λ‹¤λ©΄ κ·Έλλ„ ν‘μ„ μ—μ„λ” λ¬΄λ‚ν•©λ‹λ‹¤.']"
39,λ¦¬μ‹μ¨ νΈν…” (Rezion Hotel),6.8,ahran (λ€ν•λ―Όκµ­),μ¶μ¥ μ—¬ν–‰κ°,μνλ¦¬μ–΄ (κΈμ—°),2021λ…„ 3μ›” | 1λ°•,ν›„κΈ°,['ν‘μ„ λ©΄μ—μ„ κ°€μ¥ λ†’κ³  μ „λ§ μΆ‹μ€ νΈν…”μ΄λ‚ κ΄€λ¦¬κ°€ ν•„μ”ν•λ‹¤']
40,λ¦¬μ‹μ¨ νΈν…” (Rezion Hotel),6.0,SAENGJIN (λ€ν•λ―Όκµ­),μ μ•„/μ•„λ™ λ™λ° κ°€μ΅± μ—¬ν–‰κ°,μνλ¦¬μ–΄ (κΈμ—°),2020λ…„ 10μ›” | 1λ°•,10μΌκ°„μ­ μ—¬ν–‰μ¤‘μ— μ μΌν•κ² λΉ„μ¶”γ…γ…,['ν‘μ„ ν•΄λ³€ λ•λ¬Έμ— μ„ νƒν• κ³³μ΄ μ—λ”λ°... μ¥μ μ„ λ¨λ¥΄κ² μµλ‹λ‹¤. λλ“λ§ν¬? μ—­ν• μ„ ν•λ‹¤λ” κ²ƒ μ΄μ™Έμ—λ”....γ…γ…']
41,λ¦¬μ‹μ¨ νΈν…” (Rezion Hotel),5.6,JONG (λ€ν•λ―Όκµ­),μ¶μ¥ μ—¬ν–‰κ°,μνλ¦¬μ–΄ (κΈμ—°),2022λ…„ 8μ›” | 5λ°•,"μ „λ§, μ‹μ„¤ γ… γ… ",['νΈν…” λ’¤μ½μ— μλ” κ°μ‹¤μ€ μ°½λ¬Έλ°–μ΄ λ°”λ΅ μ£Όνƒ μ°½λ¬Έμ—λΌ μ»¤νΌλ„ μ—΄μ§€ λ»ν•©λ‹λ‹¤. μ„Έλ©΄λ€κ°€ μΉ¨λ€ μ†μ— μμ–΄ λ¬΄μ§€ λ¶νΈν•κ³  μƒ¤μ›κΈ°λ„ λ¬Ό μƒκ³  λ³€κΈ° λΉ„λ°λ” μ² κ±° ν•΄μ•Ό ν• λ“―.']
42,λ¦¬μ‹μ¨ νΈν…” (Rezion Hotel),5.2,HEE (λ€ν•λ―Όκµ­),μ»¤ν”/2μΈ μ—¬ν–‰κ°,μνλ¦¬μ–΄ (κΈμ—°),2021λ…„ 10μ›” | 1λ°•,μ„μΉλ§κ³ μΆ‹μ€κ±°μ—†μ,['λ”°λ»ν•λ¬Ό μ•λ‚μ΄ μ•„μ €μ”¨ ν•λ¶„μ΄ ν•μ‹λ”κ±°κ°™μ€λ° μ†μ— νΈμμ λ„ ν•μ‹λ‚λ΄„ 24μ‹λΌ λμλ”λ° μ—΄κ³ μ‹¶μ„λ•λ§ μ—¬λ”κ²ƒκ°™μ νΌμν•μ‹λ”κ² μ•μ“°λ¬μΈμ •λ„..; μ²΄ν¬μΈν• λ•μΆ€ μ„±μμ—†μΌμ‹¬ ν™”μ¥μ‹¤λ¬Έκ³ λ¦¬λ„ κ³ μ¥ μƒ¤μ›κΈ°λ„ .. κ°€κ²©λ€λΉ„ν•΄λ„ λ³„λ΅μ„...λ…Έμ¶”μ²']
43,λ¦¬μ‹μ¨ νΈν…” (Rezion Hotel),5.2,Kim (λ€ν•λ―Όκµ­),μ»¤ν”/2μΈ μ—¬ν–‰κ°,μνλ¦¬μ–΄ (κΈμ—°),2022λ…„ 4μ›” | 1λ°•,μ μ£Ό ν‘μ„  μΈκ·Ό νΈν…”,['ν‘μ„  μΈκ·Όμ—λ” μ™λ°•μ‹μ„¤μ΄ κ·Έλ¦¬ λ§μ§€ μ•μ€ λ“― ν•©λ‹λ‹¤. νƒ€μ§€μ—­μ— λΉ„ν•΄ μ—΄μ•…ν•μ§€λ§ μ΄μ§€μ—­μ—μ„ κΌ­ μ™λ°•ν•΄μ•Ό ν•λ‹¤λ©΄ μ΄κ³³ μ™Έμ—λ” λ‹¬λ¦¬ μ„ νƒμ μ—¬μ§€κ°€ μ—†μ„ λ“― ν•©λ‹λ‹¤.']
44,λ¦¬μ‹μ¨ νΈν…” (Rezion Hotel),5.2,suyoung (λ€ν•λ―Όκµ­),λ‚ν™€λ΅ μ—¬ν–‰κ°,μ¤μ… νΈμ,2020λ…„ 10μ›” | 1λ°•,κ°€κ²©λ€λΉ„ λ³„λ΅μ—μ”,['λ„λ¬΄ ν”Όκ³¤ν•΄μ„ λ²„μ¤μ •λ¥μ¥ κ·Όμ²μ— μκΈΈλ κ°”λ”λ°... κ°€κ²©λ€λΉ„ λ„λ¬΄ λ³„λ΅μ—μ”. νΉν ν™”μ¥μ‹¤ μ„μƒμƒνƒκ°€ λ³„λ΅λΌ μ¶”μ²ν•μ§€ μ•μµλ‹λ‹¤.']
45,λ¦¬μ‹μ¨ νΈν…” (Rezion Hotel),5.2,JIAE (λ€ν•λ―Όκµ­),μ»¤ν”/2μΈ μ—¬ν–‰κ°,μνλ¦¬μ–΄ (κΈμ—°),2021λ…„ 2μ›” | 2λ°•,μ„μΉλ§ μ™„λ²½ν•΄μ”,['μ„μƒμ΄λ‚ μ‹μ„¤μ€ μ •λ§ γ…γ… μµμ•…μ…λ‹λ‹¤ λ³€κΈ°μ— μ”λ³€ λ¬»μ–΄μ‡κ³  λ…Ήμ¬μ–΄μ‡κ³  κ·Έλƒ¥ μ°½λ°–μ— ν•΄μμ•μ¥λ§ λ³΄λ‹¤ μ™”μ¤μ”']
46,λ¦¬μ‹μ¨ νΈν…” (Rezion Hotel),5.2,kyoung (λ€ν•λ―Όκµ­),λ‚ν™€λ΅ μ—¬ν–‰κ°,μνλ¦¬μ–΄ (κΈμ—°),2021λ…„ 6μ›” | 1λ°•,μƒ¤μ›μ‹¤ μ„μƒ λ¶λ‰,['ν•΄λ°”λΌκΈ° ν•΄λ“ μ„μƒ λ„ λ¶λ‰ν•©λ‹λ‹¤.']
47,λ¦¬μ‹μ¨ νΈν…” (Rezion Hotel),5.6,CHOI (λ€ν•λ―Όκµ­),μ»¤ν”/2μΈ μ—¬ν–‰κ°,μνλ¦¬μ–΄ (κΈμ—°),2021λ…„ 6μ›” | 1λ°•,κ·Έλƒ¥ soso,['κ·Έμ €κ·ΈλΌ']
48,λ¦¬μ‹μ¨ νΈν…” (Rezion Hotel),4.4,DAEMIN (λ€ν•λ―Όκµ­),μ»¤ν”/2μΈ μ—¬ν–‰κ°,μνλ¦¬μ–΄ (κΈμ—°),2020λ…„ 8μ›” | 1λ°•,λ¨ν…”μ…λ‹λ‹¤,"['νΈν…”μ΄λΌκ³  ν•κΈ°λ” λ„λ¬΄ κ³Όμ¥λκ²ƒ κ°™κ³ , λ¨ν…”μ΄λΌκ³  λ³΄λ©΄ λ©λ‹λ‹¤. μ°¨λΌλ¦¬ μ„±μ‚°μ— μλ” μ™μ†λ¥Ό μ°Ύλ” κ²ƒμ΄ λ” λ‚³μµλ‹λ‹¤. νΉν ν™”μ¥μ‹¤ ν™ν’κΈ° μ†λ¦¬λ” μ‹λ„λ½κ³ , μΉ¨λ€λ„ νΈν•μ§€ μ•μµλ‹λ‹¤. μ „ λ‹¤μ‹ μ΄μ©ν•κ³  μ‹¶μ§€ μ•μµλ‹λ‹¤']"
49,λ¦¬μ‹μ¨ νΈν…” (Rezion Hotel),4.4,hyunjin (λ€ν•λ―Όκµ­),μ»¤ν”/2μΈ μ—¬ν–‰κ°,μνλ¦¬μ–΄ (κΈμ—°),2020λ…„ 5μ›” | 1λ°•,ν‘μ„ ν•΄μμ•μ¥ κ·Όμ²μ™μ†,"['ν‘μ„ μ½ μ‘μ€λ§μ„μ΄λΌ μ™μ† μ°ΎκΈ° μ–΄λ ¤μ›€,, 1μΈµμ— νΈμμ  μκ³ ,κ·Όμ² μ£Όλ³€μ— μλ€κµ­μ§‘,κ³ κΈ°μ§‘ λ“±λ“± μμ–΄μ„,, κ±Έμ–΄μ„ μ‹μ‚¬κ°€λ¥']"
50,λ¦¬μ‹μ¨ νΈν…” (Rezion Hotel),4.8,AHYEON,λ‚ν™€λ΅ μ—¬ν–‰κ°,μνλ¦¬μ–΄ (κΈμ—°),2018λ…„ 8μ›” | 2λ°•,λ¨ν…”μ…λ‹λ‹¤,['νΈν…”μ€ μ•„λ‹κ³  λ¨ν…”μ…λ‹λ‹¤']
51,λ¦¬μ‹μ¨ νΈν…” (Rezion Hotel),4.0,Kim (λ€ν•λ―Όκµ­),μ»¤ν”/2μΈ μ—¬ν–‰κ°,μνλ¦¬μ–΄ (κΈμ—°),2022λ…„ 6μ›” | 1λ°•,λ¦¬μ‹μ¨νΈν…” μ„ νƒ μ΄μ ,['ν‘μ„ μ½μ—μ„ κΌ­ ν•λ£¨ μ™μ†κ°€ ν•„μ”ν–κΈ°μ— μ„ νƒν• κ³³μ„. λ°¤ λ¦κ² in/μƒλ²½ out μƒν™©μ— κ°€κ²© λ€λΉ„ λ¶€ν•©ν•λ” μ™μ†μ„..νΈν…”μ΄λΌ μƒκ°ν•κ³  κ°€κ²λλ©΄ κΉμ§ λ†€λ„ μλ„ μμ']
52,λ¦¬μ‹μ¨ νΈν…” (Rezion Hotel),4.4,kim,λ‚ν™€λ΅ μ—¬ν–‰κ°,μνλ¦¬μ–΄ (κΈμ—°),2019λ…„ 5μ›” | 1λ°•,λ–¨μ–΄μ§€λ” λ¨ν…”κΈ‰μ…λ‹λ‹¤.,['λ–¨μ–΄μ§€λ” λ¨ν…”κΈ‰μ…λ‹λ‹¤. κΈ°λ€ν•μ§€λ§μ„Έμ”~']
53,λ¦¬μ‹μ¨ νΈν…” (Rezion Hotel),4.0,Ogsu (λ€ν•λ―Όκµ­),μ»¤ν”/2μΈ μ—¬ν–‰κ°,μνλ¦¬μ–΄ (κΈμ—°),2020λ…„ 10μ›” | 1λ°•,μ„Έλ©΄λ€κ°€ λ°–μ— μλ”κ±΄ λ‚λ¦„νΈλ¦¬ν–μ§€λ§μ°¬λ¬Όμ΄ μ•λ‚μ¤κ³  λ”°λ»ν•λ¬Όλ§ λ‚μ™€μ„ λ¶νΈν–μ–΄μ”,['μ‹λ‹Ή λ¶μ–΄κµ­ λ§›μ΄ γ… γ… ']
54,λ¦¬μ‹μ¨ νΈν…” (Rezion Hotel),4.0,younghun (λ€ν•λ―Όκµ­),κ·Έλ£Ή μ—¬ν–‰κ°,μ¤μ… νΈμ,2021λ…„ 5μ›” | 1λ°•,νΈν…”? λ¨ν…”μƒνƒ,['λ¨κΈ°λ§κ³  μ‹μ„¤μ•μΆ‹μ€ λ¨ν…”μ΄λΌ μƒκ°ν•λ©΄λ¨.']
55,λ¦¬μ‹μ¨ νΈν…” (Rezion Hotel),4.0,Hong (λ€ν•λ―Όκµ­),λ‚ν™€λ΅ μ—¬ν–‰κ°,μνλ¦¬μ–΄ (κΈμ—°),2022λ…„ 5μ›” | 1λ°•,λ£Έμ»¨λ””μ…,['μ‚¬μ§„κ³Όλ” μΆ€ λ§μ΄ λ‹¬λμ–΄μ” γ… γ… ']
56,λ¦¬μ‹μ¨ νΈν…” (Rezion Hotel),3.6,YOUNG (λ€ν•λ―Όκµ­),λ‚ν™€λ΅ μ—¬ν–‰κ°,μνλ¦¬μ–΄ (κΈμ—°),2022λ…„ 1μ›” | 1λ°•,μ¤λλ λ¨ν…” μμ¤€!!,['μ™ νΈν…”μΈμ§€ λ¨λ¥΄κ² λ„¤μ”. λ¨ν…” μμ¤€μ΄μμ”. μ¤λλ~~']
57,λ¦¬μ‹μ¨ νΈν…” (Rezion Hotel),3.2,chaewon (λ€ν•λ―Όκµ­),μ»¤ν”/2μΈ μ—¬ν–‰κ°,μνλ¦¬μ–΄ (κΈμ—°),2021λ…„ 3μ›” | 1λ°•,λΉ„μ¶”μ²,['μ΄λ¶ μ„μƒμƒνƒ λ¨λμΈμ§€ λ¨Όμ§€ μκΈ€μκΈ€ν•κ³  λ¨Όμ§€κ°€ λ„λ¬΄ λ§μ•μ–΄μ” λ‹¤λ¥Έλ° κ°€κ²©λΉ„κµν•΄λ΄λ„ λ„λ¬΄ λ³„λ΅μ€μµλ‹λ‹¤. μ„μΉλ•λ¬Έμ— μ–΄μ©”μ μ—†μ—λ„¤μ”']
58,λ¦¬μ‹μ¨ νΈν…” (Rezion Hotel),3.2,bk494949@nate.com (λ€ν•λ―Όκµ­),λ‚ν™€λ΅ μ—¬ν–‰κ°,μνλ¦¬μ–΄ (κΈμ—°),2021λ…„ 6μ›” | 1λ°•,μ„μƒμƒνƒ λ¶λ‰μ…λ‹λ‹¤,['μ—μ–΄μ»¨ κ³°ν΅μ΄κ°€ λ³΄μ—¬μ„ 1λ°•ν•λ‹¤ λ³‘κ±Έλ¦΄κΊΌ κ°™μµλ‹λ‹¤. κ°μ‹¤λ„ μΆκ³  μ°½λ¬Έλ„ λ°©μ¶©λ§μ΄ μ—†μ–΄ μ—΄μ§€λ„ λ»ν•©λ‹λ‹¤..μµμ•…']
59,λ¦¬μ‹μ¨ νΈν…” (Rezion Hotel),3.2,Jaeyoon (λ€ν•λ―Όκµ­),λ‚ν™€λ΅ μ—¬ν–‰κ°,μνλ¦¬μ–΄ (κΈμ—°),2022λ…„ 6μ›” | 1λ°•,μ§μ›λ¶„μ€ μΉμ ν•μ‹­λ‹λ‹¤,['λ„λ¬΄ μ¤λλκ³  μ›λ‚  μ¤λλ λ¨ν…” λλ‚μ΄μ—μ”...']
60,λ¦¬μ‹μ¨ νΈν…” (Rezion Hotel),2.0,jooyeun (λ€ν•λ―Όκµ­),μ μ•„/μ•„λ™ λ™λ° κ°€μ΅± μ—¬ν–‰κ°,λ”λΈ”λ£Έ/νΈμλ£Έ - λ°”λ‹¤ μ „λ§,2021λ…„ 10μ›” | 2λ°•,μµμ•…μ΄λ„¤μ”,['2λ°• μ‹ μ²­ν–λ”λ° μμ„ μκ°€ μ—†μ–΄μ„ λ‚μ™”μµλ‹λ‹¤. μκ±΄μ— μ΄λ¬Όμ§μ΄ λ¬»μ–΄ μλ”κ² μ—¬λ¬κ° μκ³  3λ… μ™λ°• μμ•½ν–λ”λ° μ„Έν…μ€ 2λ…λΏμΈλ°λ‹¤ μ¨μκ°€ λ‚μ¤μ§€λ„ μ•μµλ‹λ‹¤. μλ„ ν’€λ΅ κΊ½μ–΄λ„ λ―Έμ§€κ·Όν• μμ¤€! κ·Έ λ¬Όλ΅ μƒ¤μ›ν•΄μ„ μ°λ¦¬ μ• κΈ° κ°κΈ° κ±Έλ Έμµλ‹λ‹¤! κ±΄λ¬Όμ€ 10μΈµμ§λ¦¬ κ°™μ€λ° κ±΄λ¬Όμ— μ£Όμ°¨ν• κ³³μ€ 4κ³³μ΄ λμ΄λΌ μ£Όλ³€μ— μ•„λ¬΄λ ‡κ²λ‚ μ£Όμ°¨λ¥Ό ν•΄μ•Όν•©λ‹λ‹¤. μ‚¬μ¥λ‹ λ¶μΉμ μ€ λ§ν•λ©΄ μ…μ•„ν” μμ¤€μ΄λ„¤μ”.']
61,λ¦¬μ‹μ¨ νΈν…” (Rezion Hotel),2.0,Kim (λ€ν•λ―Όκµ­),μ¶μ¥ μ—¬ν–‰κ°,κ°μ‹¤μ •λ³΄μ—†μ,2020λ…„ 9μ›” | 1λ°•,μ¶”μ²ν•κ³  μ‹¶μ§€ μ•μµλ‹λ‹¤..,['μ‚¬μ¥λ‹μ΄ μ§μ ‘ λ°μ¤ν¬μ—μ„ μ†λ‹ λ°›μ„ λ•κ°€ μλ”λ°.. κµ‰μ¥ν λ¶μΉμ ν•λ„¤μ”. μ›¬λ§ν•λ©΄ μ§μ›μ“°μ‹κΈΈ.. ν• λ‹¤μ‹λ” μ΄μ©ν•  μμ‚¬μ—†μµλ‹λ‹¤.']
62,λ¦¬μ‹μ¨ νΈν…” (Rezion Hotel),2.0,DO (λ€ν•λ―Όκµ­),μ μ•„/μ•„λ™ λ™λ° κ°€μ΅± μ—¬ν–‰κ°,λ”λΈ”λ£Έ/νΈμλ£Έ - λ°”λ‹¤ μ „λ§,2022λ…„ 9μ›” | 1λ°•,μ λ€μ΄μ©ν•μ§€λ§μ„Έμ”,['μ•„μ£Όλ¶μΉμ ν•κ³  μμ•½μ€ λ”λΈ”1 μ‹±κΈ€1λ΅ μμ•½ν–μΌλ‚ μ²΄ν¬μΈν•λ ¤κ³ ν•λ‹ μ„Έλ―Έλ”λΈ”1 μ‹±κΈ€1 λ μ‘μ€ λ°©μΌλ΅μ£Όλ„¤μ” μ λ€μ΄μ©ν•μ§€λ§μ„Έμ”']
63,λ¦¬μ‹μ¨ νΈν…” (Rezion Hotel),2.0,kim (λ€ν•λ―Όκµ­),κ·Έλ£Ή μ—¬ν–‰κ°,μνλ¦¬μ–΄ (κΈμ—°),2021λ…„ 10μ›” | 1λ°•,λμ„ μ¤λ„ μ λ€ κ°€κ³  μ‹¶μ§€ μ•μ€ κ³³,['λ μ΄νΈ μ²΄ν¬μ•„μ›ƒμ„λΉ„μ¤κ°€ ν¬ν•¨ λΌ μλ”λ°λ„ λ¶κµ¬ν•κ³  μ²΄ν¬μ•„μ›ƒν•  λ• μ¶”κ°€μ°¨μ§€λ¥Ό μ΄μ΄ν•μ‹λ©° μ½λ°•μ§€λ¥΄λ” νΈν…” μ‚¬μ¥ μ½”λ΅λ‚ μ‹κµ­μ—λ„ λ§μ¤ν¬λ¥Ό μ•μ“°λ”κ±΄ κΈ°λ³Έ λ£Έμ—λ” λ²λ λ„ λ‚μ΄γ…γ…']
64,λ¦¬μ‹μ¨ νΈν…” (Rezion Hotel),2.0,JAEYEOL (λ€ν•λ―Όκµ­),μ¶μ¥ μ—¬ν–‰κ°,κ°μ‹¤μ •λ³΄μ—†μ,2021λ…„ 5μ›” | 2λ°•,μ§μ›μ‘λ€ μ„λΉ„μ¤,['μ§„μ§ μ–Όμ²™μ—†λ” νΈν…”? μ•„λ‹ λ™λ„¤ λ¨ν…”λ³΄λ‹¤ λ” λ»ν•μ„μƒμƒνƒ μ„λΉ„μ¤ λ§μ΄ μ•ν†µν•λ” λ¨ν…”. μ–΄λ–»κ² μ €λ°μ—¬μΈμ™λ³΄λ‹¤ λ¨ν•κ³³μ΄ νΈν…”μ΄λ€ νƒ€μ΄ν‹€λ‹¬κ³  λ†λ½ν•λ”κ±΄μ§€ μƒκ°λ§ν•΄λ„ μ—΄λ°›λ„¤']
65,λ¦¬μ‹μ¨ νΈν…” (Rezion Hotel),2.0,SUNGKOOK (λ€ν•λ―Όκµ­),μ»¤ν”/2μΈ μ—¬ν–‰κ°,μ¤μ… νΈμ,2020λ…„ 3μ›” | 1λ°•,μ„μƒμƒνƒ μ—‰λ§,['μ¥μ  μ—†μ. λ‹¨μ μ€ λ„λ¬΄ λ§μΌλ‚ κ·Έ μ¤‘μ—μ„ ν•λ‚ μ΄λ¶μ„ λ®μΌλ©΄ μ•½ν’μ²λ¦¬???λ•λ¬Έμ— λ”°κ°€μ›€']
66,λ¦¬μ‹μ¨ νΈν…” (Rezion Hotel),2.0,Duck (λ€ν•λ―Όκµ­),μ¶μ¥ μ—¬ν–‰κ°,λ”λΈ”λ£Έ/νΈμλ£Έ - λ°”λ‹¤ μ „λ§,2022λ…„ 8μ›” | 1λ°•,μµμ•…μνΈν…”,['μΉ¨κµ¬λ¥λ“± λ„λ¬΄ λ”λ¬μ›€']
67,λ¦¬μ‹μ¨ νΈν…” (Rezion Hotel),10.0,MINJI (λ€ν•λ―Όκµ­),λ‚ν™€λ΅ μ—¬ν–‰κ°,μ¤μ… νΈμ,2017λ…„ 12μ›” | 1λ°•,μ—„λ§μ™€ μ΄λ¨μ™€μ μ—¬ν–‰,"['μ—„λ§μ™€ μ΄λ¨κ»μ„ μ μ£Όλ„λ΅ μ—¬ν–‰μ„ κ°€μ…”μ„ μ κ°€ μ‹¬μ‚¬μ™κ³  λμ— κ³ λ¥Έ μ™μ†μ…λ‹λ‹¤. κ°€μ„±λΉ„, μ„μΉ λ¨λ‘ κ³ λ ¤ν•΄μ„ κ³¨λλ”λ°, μ—„λ§μ™€ μ΄λ¨κ»μ„ κ·Ήμ°¬μ„ ν•μ…”μ„ μ •λ§ λ§μ΅±μ¤λ¬μ› μµλ‹λ‹¤. μ™μ† μμ•½ν•  λ• μΆ‹μ€ λ°© λ¶€νƒλ“λ¦°λ‹¤κ³  λ§μ”€λ“λ Έλ”λ° μ‹ κ²½μ¨μ£Όμ‹ κ²ƒλ„ μ •λ§ κ°λ™μ΄μ€μµλ‹λ‹¤!! λ°©λ„ κΉ”λ”ν•κ³  μ£Όλ³€μ— λ¨Ήκ±°λ¦¬λ„ μκ³  νΉν μ—„λ§κ»μ„λ” κ·Όμ²μ— μλ” ν•΄μμ•μ¥μ΄ λ„λ¬΄ μ•„λ¦„λ‹¤μ› λ‹¤κ³  μ—¬λ¦„μ— λμ¤μκ³  ν•μ‹­λ‹λ‹¤!! κ·Έλ¦¬κ³  νΉμ‹ μ μ£Ό ν•΄μ–‘κ²½λΉ„λ‹¨? μ½μ— κµ°μΈμ„ λ‘¬μ„ λ©΄νλ¥Ό κ°€κ±°λ‚ ν•΄μ•Όν•μ‹λ” λ¶„λ“¤μ€ κΌ­κΌ­κΌ­! λ¦¬μ‹μ¨μΌλ΅ κ°€μ„Έμ”!! μ λ€ ν›„ν μ•ν•  κ²λ‹λ‹¤. κµ°λ¶€λ€λ‘ λ„λ¬΄λ‚λ„ κ°€κΉμ›μ„ λ°©λ¬Έν•κΈ°λ„ νΈν•κµ¬μ”^^*** λ‹¤μμ— μ μ£Όλ„ κ° λ• λ λ“¤λ¦¬κ² μµλ‹λ‹¤!!!']"
68,λ¦¬μ‹μ¨ νΈν…” (Rezion Hotel),8.4,kawon (λ€ν•λ―Όκµ­),λ‚ν™€λ΅ μ—¬ν–‰κ°,μνλ¦¬μ–΄ (κΈμ—°),2017λ…„ 8μ›” | 3λ°•,ν•μ ν•κ³  μΆ‹μ•„μ”,['λ°”λ‹¤ κ·Όμ²μ—μ„ λ¨Έλ¬Όκ³  μ‹¶μ–΄μ„ μ„ νƒν–λ”λ° μƒκ°λ³΄λ‹¤ ν›¨μ”¬ μΆ‹μ•„μ„ μ μ‰¬κ³  κ°”μ–΄μ” κ³µν•­ν•κ³  κ±°λ¦¬κ°€ κ½¤ μλ”λ° μ„μΉ μ•κ³  μ„ μ •ν•΄μ„ ν° μƒκ΄€μ—†μ—κ³ μ” νΈν…” λ‚΄λ¶€ ν¬μ§€λ” μ•μ§€λ§ λ©°μΉ  λ¬µκ³  κ°€λ” κ³³μΈλ° λ§μ§€λ§‰λ‚ μ€ λ‚΄λ°©λ§λƒ¥ νΈμ•ν• λλ‚μ΄ λ“¤μ—μ–΄μ” μΉμ•½ μΉ«μ†” μƒ΄ν‘Έ λ°”λ””μ›μ‹ λΉ„λ„ λ¬Ό λ“± μ κ³µλ κ²ƒλ„ νΈν•κ² μ μΌμ–΄μ”']
69,λ¦¬μ‹μ¨ νΈν…” (Rezion Hotel),8.8,haeun (λ€ν•λ―Όκµ­),λ‚ν™€λ΅ μ—¬ν–‰κ°,μ¤μ… νΈμ,2017λ…„ 10μ›” | 2λ°•,μ°μ,['μ„μΉλ„ μΆ‹κ³  κ°€κ²©λ„ μ €λ ΄ν•κ³  μ•μΆ‹μ•λμ μ€ λ”±ν μ—†μ—λ μ „λ°μ μΌλ΅ λ„λ¬΄ μΆ‹μ•λ νΈν…”. λ‹¤μμ— μ—¬ν–‰μ„ λ κ°„λ‹¤λ©΄ μ—¬κΈ°μ„ λ‹¤μ‹ λ¨Έλ¬Όκ³  μ‹¶λ‹¤.']
70,λ¦¬μ‹μ¨ νΈν…” (Rezion Hotel),9.2,A (λ€ν•λ―Όκµ­),λ‚ν™€λ΅ μ—¬ν–‰κ°,μνλ¦¬μ–΄ (κΈμ—°),2018λ…„ 1μ›” | 2λ°•,μ κ·Ήμ¶”μ²ν•©λ‹λ‹¤^^ λ§¤μ° κµΏμ΄μμ”^^,"['λ³΄μΌλ¬λ°”λ‹¥μ΄λΌ λ§¤μ° λ”°λ»ν•΄μ”. κ°μΈμ μΌλ΅ μ¤‘μ•™λ‚λ°©μ‹ μ¨ν’κΈ°μ¶”μ„μ„ μ‹«μ–΄ν•λ”λ°, μ—¬κΈ°λ” κ°λ³„λ³΄μΌλ¬λΌ μ§‘κ°™μ΄ λ¨λλ¨λμ”^^ ν™”μ¥μ‹¤μ— ν° λ°”λ””μ›μ‹λ‘ μƒ΄ν‘Έμμ–΄μ”. ν’μ΅±ν•λ‹μΆ‹κµ¬ μΉ«μ†”λ„ μ£Όμ‹κµ¬ μκ±΄λ„ κΉ¨λ—ν•΄μ”, μΉ¨κµ¬λ„ λ¶€λ“¤κ±°λ¦¬κµ¬ κΉ”λ”ν•κ³  μ΅°μ©ν•κ³  μΉμ ν•©λ‹λ‹¤. κ±΄λ¬Όμ— νΈμμ μμ–΄μΆ‹κ³ , μ£Όμ„μ— μ‹λ‹Ήλ§κ³  λΉµμ§‘, λ§νΈ, μ€ν–‰  μμ–΄μ„ μ•μ „ν•©λ‹λ‹¤. 5~10λ¶„κ±Έμ–΄κ°€λ©΄ ν‘μ„ λΉ„μΉλ„ μμ–΄μ„ μ‚°μ±… μν–μµλ‹λ‹¤. κ±°κΈ°μ— μ΄λ™κΈ°κµ¬λ‘ 12μ§€μƒλ„ μμ–΄μ”. λ¨λν•λ‹ λ€λ§μ΅±μ”^^ μ κ·Ήμ¶”μ²  κ°€μ„±λΉ„λ€λΉ„ νƒμ›”ν•©λ‹λ‹¤^^ μΉμ ν• μ‚¬μ¥λ‹ κ³ λ§™μµλ‹λ‹¤^^']"
71,λ¦¬μ‹μ¨ νΈν…” (Rezion Hotel),10.0,BO (λ€ν•λ―Όκµ­),λ‚ν™€λ΅ μ—¬ν–‰κ°,μνλ¦¬μ–΄ (κΈμ—°),2017λ…„ 8μ›” | 3λ°•,κ°€μ„±λΉ„ λ€λ°• !,"['λ™μƒκ³Ό ν•¨κ» 2μ£Όλ™μ• μ μ£Ό μ—¬ν–‰μ„ λ‹¤λ…€μ™”μµλ‹λ‹¤. μ΄κ³³μ—μ„ 3λ°•μ„ ν–λ”λ°, κ°€μ„±λΉ„ λ€λ°• ! λ°©μμ΄ μΆ€ μ•λλ”νΈμ΄μ—μ§€λ§, μμ„κ±΄ λ‹¤μλ” μ •λ§ μ‹¤μ©μ μΈ μ™μ†μ€μµλ‹λ‹¤. λ„λ³΄μ—¬ν–‰κ°μ΄μ—λ”λ° λ²„μ¤μ •λ¥μ¥ λ°”λ΅ κ·Όμ²μ— μ„μΉν•΄ μκ³ , μνΌ, νΈμμ , μ„Ένƒμ†, ν‘μ„  λΉ„μΉμ™€λ„ κ°€κΉμ›μ„ λ„λ¬΄ λ§μ΅±μ¤λ¬μ› μµλ‹λ‹¤. μ μ£Ό μ™μ† μ¤‘ κ°€μ¥ λ§μμ— λ“¤μ—λ κ³³ ! κ°•μ¶” !']"
72,λ¦¬μ‹μ¨ νΈν…” (Rezion Hotel),10.0,Yuna (λ€ν•λ―Όκµ­),λ‚ν™€λ΅ μ—¬ν–‰κ°,μ¤μ… νΈμ,2018λ…„ 4μ›” | 1λ°•,μ§μ›λ¶„λ“¤ λ„μΉμ π¤π»,['μ§μ›λ¶„λ“¤λ„ λ‹¤ μ •λ§ μΉμ ν•μ‹κµ¬ λ°©λ„ κΉ¨λ—ν•΄μ„ μΆ‹μ•μ–΄μ”! μΌμΈµμ— νΈμμ λ„ μκ³  μ£Όλ³€μ— μ‹λ‹Ήλ„ λ§μ•„μ„ λ°¥λ¨ΉκΈ°λ„ μΆ‹μ•μ–΄μ” γ…γ… ν•΄λ³€λ„ μ¤λ¶„μ •λ„λ§ κ±Έμ–΄κ°€λ©΄ ν‘μ„  ν•΄μμ•μ¥ λ‚μ¤κ³  λ™μ½ μ„μ½ μ–΄λμ½μΌλ΅ μ΄λ™ν•κΈ° νΈλ¦¬ν• μ„μΉμ€μ–΄μ”! λ‹¤μμ— λ κ°€κ² μµλ‹λ‹¤:)']
73,λ¦¬μ‹μ¨ νΈν…” (Rezion Hotel),9.6,Mihye (λ€ν•λ―Όκµ­),λ‚ν™€λ΅ μ—¬ν–‰κ°,μ¤μ… νΈμ,2017λ…„ 12μ›” | 2λ°•,λ„λ¬΄λ„λ¬΄ μΉμ ν•μ‹  μ‚¬μ¥λ‹~!,"['μ €λ ΄ν• κ°€κ²©μ— μ„μΉλ„ λ„λ¬΄ μΆ‹κ³  λ„λ¬΄ μ μ§€λ‚΄λ‹¤ μ™”μ–΄μ”~!! μ‚¬μ¥λ‹, μ§μ›λ¶„λ“¤λ„ λ„λ¬΄λ„λ¬΄ μΉμ ν•μ…¨κµ¬μ”!! κ·Όμ² λ§›μ§‘, νΈμμ , μ‚°μ±…λ΅(ν•΄λ³€) λ“±λ“± λ­ ν•λ‚ μ•„μ‰¬μ΄κ² μ—†λ„¤μ”~ μ•μΌλ΅ μμ£Ό κ°€κ² λ  κ²ƒ κ°™μµλ‹λ‹¤!']"
74,λ¦¬μ‹μ¨ νΈν…” (Rezion Hotel),8.4,Jeong (λ€ν•λ―Όκµ­),μ¶μ¥ μ—¬ν–‰κ°,μνλ¦¬μ–΄ (κΈμ—°),2017λ…„ 6μ›” | 1λ°•,μ¶μ¥κ²Έ μ—¬ν–‰,"['μ¶μ¥ κ²Έ μ—¬ν–‰μ΄μ—λ”λ°, λ°”λ‹¤κ°€ λ³΄μ΄λ” κ³³μ— μ„μΉν•΄ μΆ‹κ³ , κ°μ‹¤μ€ κΉ”κΈν•κ³  ν™ν•κ³  κΉ¨λ—ν•κ³  νΈν•λ‹¤. μΉμ ν•¨ λ•λ¶„μ— λ μ¤κ³  μ‹¶μ–΄μ΅λ”λ°,μ§μ›λ¶„κ³Ό νΈμ•ν• μΉκµ¬μ²λΌ μ΄μ•ΌκΈ° λ‚λ λ„ μΆ‹μ„ κ³³μ΄λ‹¤. ν‘μ„  λ°”λ‹¤κ°€ κ°€κΉκ³ , μ£Όλ³€μ— νλ¦¬λ°”κ²νΈ, νΈμμ , μ‹λ‹Ήλ“¤μ΄ μμ–΄μ„ λ‹¤λ‹κΈ°μ—λ„ μΆ‹λ‹¤. ν•΄λΉ„μΉνΈν…”μ— λ¨Έλ¬Ό κ² μ•„λ‹ μ΄μƒ ν‘μ„ μ— μλ” κ°€μ„±λΉ„ μΆ‹μ€ νΈν…”λ΅ μ¶”μ²ν•΄λ“λ¦°λ‹¤.']"
75,λ¦¬μ‹μ¨ νΈν…” (Rezion Hotel),8.8,yuna (λ€ν•λ―Όκµ­),μ»¤ν”/2μΈ μ—¬ν–‰κ°,μνλ¦¬μ–΄ (κΈμ—°),2017λ…„ 7μ›” | 1λ°•,μΆ‹μ•„μ”,['λ°©μ€ μ‘κ³  μ•½κ°„ μµν•κ±° κ°™μ€λ° κ°€κ²©μ΄λ‚ μ„μΉλ¥Ό λ³΄λ©΄ κ΄μ°®μ€κ±° κ°™μ•„μ”. λ°”λ΅ μ†μ— μμ”λ―Έμ‹νμ—μ„ μ‹ λ™μ—½μ”¨κ°€ κ°„λ‹¤λ” μ¶μ μ‹Έλ΅±μ΄ κµ­μμ§‘μ΄ μκ³  μνΌλ‚ μμ‹μ  λ§μ•„μ”']
76,λ¦¬μ‹μ¨ νΈν…” (Rezion Hotel),9.2,Wonil (λ€ν•λ―Όκµ­),μ»¤ν”/2μΈ μ—¬ν–‰κ°,μνλ¦¬μ–΄ (κΈμ—°),2018λ…„ 6μ›” | 1λ°•,μ €λ ΄ν•κ³  μ•„κΈ°μκΈ°ν• νΈν…”,"['μΌ λ•λ¬Έμ— λ¬µκ² λλ”λ°, μ •λ§μ •λ§λ΅ μ €λ ΄ν•κ² μ™λ°•ν•  μ μμ—μ–΄μ”. μΆ€ μ„μΉκ°€ μ™ΈμΉκΈ΄ ν–μ§€λ§. μ „λ°μ μΌλ΅ ν¬κ² λ§μ΅±ν•©λ‹λ‹¤.']"
77,λ¦¬μ‹μ¨ νΈν…” (Rezion Hotel),10.0,Jae (λ€ν•λ―Όκµ­),μ»¤ν”/2μΈ μ—¬ν–‰κ°,μνλ¦¬μ–΄ (κΈμ—°),2017λ…„ 12μ›” | 1λ°•,μΆ‹μ•μ–΄μ”. ν‘μ„  μµκ³ μ μ™μ†,['λ·°λ„ μΆ‹μ•κ³  μ°Ύμ•„κ°€κΈ° μ‰½κ³  μ‹μ„¤λ„ κΉ¨λ—ν–κ³ μ”. μ§μ›λ¶„λ“¤λ„ μ•„μ£Ό μΉμ ν•μ…¨μµλ‹λ‹¤. ν‘μ„  μµκ³ μ μ™μ†λΌκ³  ν™•μ‹ ν•©λ‹λ‹¤.']
78,λ¦¬μ‹μ¨ νΈν…” (Rezion Hotel),9.2,MIYEON (λ€ν•λ―Όκµ­),λ‚ν™€λ΅ μ—¬ν–‰κ°,λ””λ­μ¤ μ¤μ…λ·° λ£Έ,2017λ…„ 10μ›” | 1λ°•,λ°”λ‹¤λ·° 7νΈλΌμΈ λ¬¶μ—μ–΄μ”.,['3μΈμ΄ λ¬¶μ—κµ¬μ”. ν°μ°½ λ‘κ°λ΅ λ°”λ‹¤κ°€ λ³΄μ—¬μ„ μΆ‹μ•κ³  κ΄μ°®μ•μ–΄μ”. μ•„λμ— νΈμμ λ„ μμ–΄μ„ νΈν–μ–΄μ”']
79,λ¦¬μ‹μ¨ νΈν…” (Rezion Hotel),10.0,Bomi (λ€ν•λ―Όκµ­),μ»¤ν”/2μΈ μ—¬ν–‰κ°,μ¤μ… νΈμ,2017λ…„ 5μ›” | 2λ°•,κΉ”λ”ν•κ³  μΆ‹μ•μ–΄μ”,"['ν•΄λ³€, μ‹λ‹Ήκ°€λ‘ κ°€κΉκ³ .. μ§μ›λ¶„λ“¤λ„ μΉμ ν•κ³  κΉ¨λ—ν•©λ‹λ‹¤ μ—¬μ λ΅­κ² λ¨Έλ¬Όλ‹¤κ°€ κ°‘λ‹λ‹¤~']"
80,λ¦¬μ‹μ¨ νΈν…” (Rezion Hotel),6.0,LEE (λ€ν•λ―Όκµ­),λ‚ν™€λ΅ μ—¬ν–‰κ°,μνλ¦¬μ–΄ (κΈμ—°),2022λ…„ 12μ›” | 1λ°•,μΉμ ,['μ§μ›λ¶„μ΄ 24μ‹κ°„ λ€κΈ°ν•λ©° μ‹κ°„μ— κ΄€κ³„μ—†μ΄ μΉμ ν•¨']
81,λ¦¬μ‹μ¨ νΈν…” (Rezion Hotel),9.2,Dong (λ€ν•λ―Όκµ­),μ¶μ¥ μ—¬ν–‰κ°,μ¤μ… νΈμ,2023λ…„ 2μ›” | 2λ°•,μ‘μ§€λ§ κ°€κ²©λ€λΉ„ μ λ‹Ήν• νΈν…”,"['ν‘μ„ μ— μλ” κ±°μ μ μΌν• νΈν…”μ΄λ©°, μ‹λ‚΄μ— μμ–΄μ„ νΈλ¦¬ν•μ—Ώμµλ‹λ‹¤. μΉ¨λ€κ°€ μ΅°κΈ λ¶νΈν•κ³ , ν™”μ¥μ‹¤μ΄ μΆμ•„μ„ λ¶νΈν• κ²ƒ λΉΌκ³ λ” μ¶μ¥ μ™μ†λ΅λ” μ λ‹Ήν–μµλ‹λ‹¤. μκ±΄μ΄ μ΅°κΈ λ‚΅μ€ κ²ƒ κ°™μ•λ„¤μ”.']"
82,λ¦¬μ‹μ¨ νΈν…” (Rezion Hotel),10.0,Junbum (λ€ν•λ―Όκµ­),κ·Έλ£Ή μ—¬ν–‰κ°,μνλ¦¬μ–΄ (κΈμ—°),2022λ…„ 8μ›” | 2λ°•,μ μ£Ό ν‘μ„  μ¶”μ² νΈν…”,"['μ μ£Ό ν‘μ„ μ— κ°„λ‹¤λ©΄, κ°€μ„±λΉ„ μ•„μ£Ό μΆ‹μ€ νΈν…”μ…λ‹λ‹¤. μ‚¬μ‹¤ λ¨ν…”μ— κ°€κΉμ΄ λλ‚μ…λ‹λ‹¤λ§, κ°€κ²©μ΄ μ›λ‚™ μΆ‹κ³  μ„μΉλ„ μΆ‹μµλ‹λ‹¤.']"
83,λ¦¬μ‹μ¨ νΈν…” (Rezion Hotel),9.6,SOMI (λ€ν•λ―Όκµ­),λ‚ν™€λ΅ μ—¬ν–‰κ°,μνλ¦¬μ–΄ (κΈμ—°),2022λ…„ 12μ›” | 1λ°•,μ™„μ „ λ§μ— λ“¤μ–΄μ”!,"['μ°μ„  μ²΄ν¬μΈλ„ λΉ¨λ¦¬ μΉμ ν•κ² ν•΄μ£Όμ‹κ³ , μƒν•΄λΌ κ·Έλ°μ§€ μΆ‹μ€ μ „λ§λ„ ν•΄μ£Όμ…”μ„ ν‘Ή μ‰¬λ‹¤κ°€ μ™”μ–΄μ”. λ¬΄μ—‡λ³΄λ‹¤ μ§μ›λ¶„μ΄ λ§¤μ°λ§¤μ°λ§¤μ°λ§¤μ° μΉμ ν•μ…¨μµλ‹λ‹¤ :)']"
84,λ¦¬μ‹μ¨ νΈν…” (Rezion Hotel),6.0,jeongpil (λ€ν•λ―Όκµ­),μ»¤ν”/2μΈ μ—¬ν–‰κ°,λ”λΈ”λ£Έ/νΈμλ£Έ - λ°”λ‹¤ μ „λ§,2022λ…„ 11μ›” | 1λ°•,κ·Έλƒ¥κ·Έλƒ¥,['λ³΄ν†µ γ…£γ…‚γ„΄γ„±λ‹¤']
85,λ¦¬μ‹μ¨ νΈν…” (Rezion Hotel),8.0,hoonmin (λ€ν•λ―Όκµ­),κ·Έλ£Ή μ—¬ν–‰κ°,μνλ¦¬μ–΄ (κΈμ—°),2023λ…„ 1μ›” | 1λ°•,ν‘μ„ μ—μ„  κ·Έλ‚λ§ μµμ„ μ μ„ νƒ,['μ κ³§λ„¤']
86,λ¦¬μ‹μ¨ νΈν…” (Rezion Hotel),4.4,HYEONTAE (λ€ν•λ―Όκµ­),μ»¤ν”/2μΈ μ—¬ν–‰κ°,μ¤μ… νΈμ,2022λ…„ 12μ›” | 1λ°•,μ¶”μ΄κ²¨μΈμ— μ΄μ©μ€ λΉ„μ¶”μ²μ…λ‹λ‹¤.,['λ―Έλ¦¬ λ‚λ°©μ€ μ•λμ–΄μκ³  μ°ν’μ΄ μ‹¬ν•μ—¬ λ‚λ°©μ¨λ„λ¥Ό λ†’μ—¬λ†¨λ”λ° μƒλ²½μ— μΉ΄μ΄ν„°μ—μ„ μ¨λ„λ¥Ό λ‚®κ² μ΅°μ •ν•΄λ†“μµλ‹λ‹¤. μ²΄ν¬μΈ~μ²΄ν¬μ•„μ›ƒ κΉμ§€μ κ°μ‹¤μ¨λ„μ΅°μ°¨ λ§λ€λ΅ λ»ν•λ” νΈν…”... λ” μ΄μƒ λ§ν•μ§€ μ•κ² μµλ‹λ‹¤.']
87,λ¦¬μ‹μ¨ νΈν…” (Rezion Hotel),2.4,KIM (λ€ν•λ―Όκµ­),μ»¤ν”/2μΈ μ—¬ν–‰κ°,λ”λΈ”λ£Έ/νΈμλ£Έ - λ°”λ‹¤ μ „λ§,2022λ…„ 12μ›” | 1λ°•,νΈν…”μ•„λ‹ λ¨ν…” μμ¤€λ„ μ•„λ‹ λ¦¬λ¨λΈλ§ μ—¬κ΄€,['λ”± μ—¬κ΄€ λ¦¬λ¨λΈλ§ν• μ €κΈ‰ λ¨ν…” κ°™μ•μ–΄μ” μ μ£Όμ—λ” μ”μ¦ κ°™μ€ κ²¨μΈ λΉ„μ‹μ¦μ‹κΈ°μ—λ” λ¨ν…” μ”κΈμΌλ΅ νΈν…”κΈ‰ μ™μ† λ§κ³  μ „λ‚ λ„ κ·Έλ° κ³³μ—μ„ λ¬µμ—λ”λ° μ—¬κΈ° μ™”λ‹¤κ°€ κΉμ§ λ†€λμ–΄μ”γ…γ…']
88,λ¦¬μ‹μ¨ νΈν…” (Rezion Hotel),6.0,saetbyeol (λ€ν•λ―Όκµ­),μ μ•„/μ•„λ™ λ™λ° κ°€μ΅± μ—¬ν–‰κ°,μνλ¦¬μ–΄ (κΈμ—°),2022λ…„ 12μ›” | 2λ°•,κ°€μ΅±μ—¬ν–‰,['λ£Έμ€ κ°€κ²©λ€λΉ„ μ λ‹Ήν•μ€κ³  μ•„μΉ¨μ— λ°”λ‹¤λ·°κ°€ ν™μƒμ΄μ€μµλ‹λ‹¤']
89,λ¦¬μ‹μ¨ νΈν…” (Rezion Hotel),7.2,cho (λ€ν•λ―Όκµ­),λ‚ν™€λ΅ μ—¬ν–‰κ°,μνλ¦¬μ–΄ (κΈμ—°),2022λ…„ 11μ›” | 1λ°•,λƒ„μƒμ— μλ―Όν•μ‹  λ¶„λ“¤μ€ μ¶”μ²ν•μ§€ μ•μµλ‹λ‹¤.,['λ§ κ·Έλ€λ΅ λƒ„μƒμ— μλ―Όν•μ‹  λ¶„λ“¤κ»λ” μ¶”μ²ν•μ§€ μ•μµλ‹λ‹¤. λ‹΄λ°°λƒ„μƒλ” μ•λ‚μ§€λ§ ν™”μ¥μ‹¤ μκ±΄μ—μ„ λƒ„μƒκ°€ μΆ€ λ‚μ”. ν•μ§€λ§ 1μΈµμ— νΈμμ λ„ μκ³  μΉμ ν•μ…”μ„ μΆ‹μµλ‹λ‹¤.']
90,λ¦¬μ‹μ¨ νΈν…” (Rezion Hotel),8.8,Woosung (λ€ν•λ―Όκµ­),λ‚ν™€λ΅ μ—¬ν–‰κ°,μνλ¦¬μ–΄ (κΈμ—°),2022λ…„ 12μ›” | 1λ°•,ν‘μ„ μ— μ΄λ―Όν• κ³³μ΄ μ—†λ‹¤,['ν‘μ„ μ—μ„ μµκ³ λ¥Ό μ›ν•λ©΄ λ¨λ‘ μ•„λ” κ·Έκ³³μ— κ°€λ©΄ λλ‹¤ ν•μ§€λ§ μ΄λ§ν• μ„μΉμ™€ λ£Έ ν¬κΈ° κ·Έλ¦¬κ³  μ „λ§μ„ μ κ³µν•λ” κ³³μ€ λ“λ¬Όλ‹¤ μ¶”μ²λ°›μ•„ κ°„ μλ‘λ¶€μ§‘λ„ λ§›μμ—λ‹¤ κ·Έ κ°€κ²©μ΄ λμ†¥λ°¥μ΄μ–΄μ„ μΆ‹μ•λ‹¤']
91,λ¦¬μ‹μ¨ νΈν…” (Rezion Hotel),9.6,RYU (λ€ν•λ―Όκµ­),μ¶μ¥ μ—¬ν–‰κ°,λ”λΈ”λ£Έ/νΈμλ£Έ - λ°”λ‹¤ μ „λ§,2022λ…„ 11μ›” | 2λ°•,κΉ”λ”ν•κ³  μΉμ ,['κΉ”λ”ν•κ³  μΉμ ν•λ©° μΎμ ν• μ™μ†μ€μµλ‹λ‹¤. μ†λ…ΈμΊ„ μ μ£ΌκΉμ§€ λ²„μ¤ μ¶ν‡΄κ·Όμ΄ νΈν•΄μ„ λ” μΆ‹μ•„μµλ‹λ‹¤.']
92,λ¦¬μ‹μ¨ νΈν…” (Rezion Hotel),6.8,KIM (λ€ν•λ―Όκµ­),λ‚ν™€λ΅ μ—¬ν–‰κ°,μνλ¦¬μ–΄ (κΈμ—°),2022λ…„ 11μ›” | 2λ°•,κ°€μ„±λΉ„λ΅μ„λ”,['κ°€μ„±λΉ„λ΅μ„λ” μΆ‹μµλ‹λ‹¤. ^^']
93,λ¦¬μ‹μ¨ νΈν…” (Rezion Hotel),2.0,youngman (λ€ν•λ―Όκµ­),μ μ•„/μ•„λ™ λ™λ° κ°€μ΅± μ—¬ν–‰κ°,μ¤μ… νΈμ,2022λ…„ 9μ›” | 1λ°•,κ²ν•λ³΄λ‹¤ λ‚μ,['μ¶”κ°€μ”κΈμ”κµ¬ λ¶μΉμ  μ£Όμ°¨λ¶νΈ μ„μΉ? λΉ„μ¶”ν•¨']
94,λ¦¬μ‹μ¨ νΈν…” (Rezion Hotel),7.6,kyung (λ€ν•λ―Όκµ­),μ¶μ¥ μ—¬ν–‰κ°,μνλ¦¬μ–΄ (κΈμ—°),2022λ…„ 9μ›” | 1λ°•,λ§¤μ° μΆ‹μ,['μΉμ ν•κ³  μΆ‹μ•„μ”']
95,λ¦¬μ‹μ¨ νΈν…” (Rezion Hotel),2.0,JIMIN (λ€ν•λ―Όκµ­),λ‚ν™€λ΅ μ—¬ν–‰κ°,μνλ¦¬μ–΄ (κΈμ—°),2020λ…„ 8μ›” | 1λ°•,1,['1']
96,λ¦¬μ‹μ¨ νΈν…” (Rezion Hotel),2.4,Mincheol (λ€ν•λ―Όκµ­),λ‚ν™€λ΅ μ—¬ν–‰κ°,λ”λΈ”λ£Έ/νΈμλ£Έ - λ°”λ‹¤ μ „λ§,2018λ…„ 10μ›” | 1λ°•,λ¶μΉμ ν•κ³  μ‹μ„¤λ„ κ·Έλ‹¥,['μ•„κ³ λ‹¤λ΅ μμ•½ν–μµλ‹λ‹¤ κ³ μΈµμΌλ΅ λ‹¬λΌν•λ‹ μ•„κ³ λ‹¤ μμ•½μ€ λ°”λ‹¤λ·°λ΅ μ¤„ μ μ—†λ‹¤κ³  ν•©λ‹λ‹¤ λ°©μ— κ°€λ‹ μμ•½ν• λ°©κ³Ό λ‹¬λΌ λ¬Έμν•λ‹ μ¶”κ°€κΈμ„ μ”κµ¬ν•©λ‹λ‹¤ μ‚¬μ§„μ„ λ³΄μ—¬μ¤λ„ μ°κΈ°λ„¤μ” κ²°κµ­ ν™λ¶ μ²λ¦¬ν•κ³  μ”μ“Έν•κ² λ‚μ™”λ„¤μ” λ°©λ„ λ¨ν…” λΉ„μ¦λ‹μ¤ μμ¤€μ΄κ³  κΌ­ ν™•μΈμ „ν™”ν•κ³  μμ•½ν•κΈΈ λ°”λλ‹λ‹¤ μ™„μ „ μ‹¤λ§μ¤λ¬μ΄ κ³³μ…λ‹λ‹¤']
97,λ¦¬μ‹μ¨ νΈν…” (Rezion Hotel),10.0,MIYEON (λ€ν•λ―Όκµ­),μ²­μ†λ…„ λ™λ° κ°€μ΅± μ—¬ν–‰κ°,μ¤μ… νΈμ,2017λ…„ 10μ›” | 1λ°•,μ„μΉλ‘ μ „λ¶€ κ΄μ°®μ•μ–΄μ” ,['μ„μΉλ‘ μ „λ¶€ κ΄μ°®μ•μ–΄μ”']
98,λ¦¬μ‹μ¨ νΈν…” (Rezion Hotel),7.2,λ―Όμ (λ€ν•λ―Όκµ­),λ‚ν™€λ΅ μ—¬ν–‰κ°,μνλ¦¬μ–΄ (κΈμ—°),2018λ…„ 1μ›” | 2λ°•,κ±΄λ¬Ό μ™Έκ΄€μ€ μΆ‹μ•„μ”,['λ°©μ€ κ·Έλƒ¥ λ¨ν…”μ •λ„..? μ£Όμ°¨κ³µκ°„μ΄ λ¶€μ΅±ν•΄μ„ μ£Όμ°¨κ°€ νλ“¤μ—μµλ‹λ‹¤.']
99,λ¦¬μ‹μ¨ νΈν…” (Rezion Hotel),6.4,moonil,λ‚ν™€λ΅ μ—¬ν–‰κ°,μνλ¦¬μ–΄ (κΈμ—°),2018λ…„ 6μ›” | 1λ°•,κ·Έλƒ¥κ·ΈλΌ μ‚¬μ§„κ³Όμ „ν€λ‹¤λ¦„,['κ·Έλƒ¥ ν•λ£¨μ •λ„λ” κ΄μ°®μ κ·Έλ ‡λ‹¤κ³  μ•„μ£Όλ‚μκ±΄μ•„λ‹κ³  κ± λ¨ν…”μΈλ° μ΄λ¦„λ§νΈν…”']
100,λ¦¬μ‹μ¨ νΈν…” (Rezion Hotel),7.6,gideok (λ€ν•λ―Όκµ­),μ»¤ν”/2μΈ μ—¬ν–‰κ°,μνλ¦¬μ–΄ (κΈμ—°),2018λ…„ 6μ›” | 1λ°•,μ λ§ μμ,['μ λ§ μκΊΌλ©΄ μμ•½ν•μ']
101,λ¦¬μ‹μ¨ νΈν…” (Rezion Hotel),6.4,Chaeryeong (λ€ν•λ―Όκµ­),κ·Έλ£Ή μ—¬ν–‰κ°,μνλ¦¬μ–΄ (κΈμ—°),2018λ…„ 5μ›” | 1λ°•,μ„μƒμ— μ‹ κ²½μ¨μ£Όμ„Έμ”,['μ„μΉλ„μΆ‹κ³  μ§μ›λ¶„λ“¤λ„ μΉμ ν•λ° μ„μƒμ΄ μ•μΆ‹μ•„μ„ λ„λ¬΄ ν™”λ‚μ” μ¬λ¦¬νΌμ—†λ” νΈν…”μ€ μ²μλ΄…λ‹λ‹¤.. λ¨ν…”μ— λ” κ°€κΉμ΄κ²ƒκ°™μ•„μ”']
102,λ¦¬μ‹μ¨ νΈν…” (Rezion Hotel),6.4,suna (λ€ν•λ―Όκµ­),λ‚ν™€λ΅ μ—¬ν–‰κ°,λ””λ­μ¤ μ¤μ…λ·° λ£Έ,2017λ…„ 12μ›” | 1λ°•,κ°€κ²©λ€λΉ„ κ·Έλƒ¥ κ·Έλ¬μ–΄μ”,"['μ£Όμ°¨μ¥λ„ λ¶νΈν•κ³ , μ¶¥κ³  μ‹μ„¤μ΄ μμ „μ‹μ„¤μ΄λΌ ν¬κ² λ§μ΅±ν•μ§„ λ»ν–μ–΄μ” κ·Έκ°€κ²©μ— μ΅°μ‹λ„ μ—†κ³ λ§μ΄μ£ ']"
103,λ¦¬μ‹μ¨ νΈν…” (Rezion Hotel),10.0,MINJI (λ€ν•λ―Όκµ­),λ‚ν™€λ΅ μ—¬ν–‰κ°,μνλ¦¬μ–΄ (κΈμ—°),2017λ…„ 12μ›” | 1λ°•,κµΏκµΏ!,"['μ„μΉ, μ„λΉ„μ¤, μ„μƒ λ¨λ‘ κΉ”λ” κµΏκµΏ!']"
104,λ¦¬μ‹μ¨ νΈν…” (Rezion Hotel),2.0,sang (λ€ν•λ―Όκµ­),λ‚ν™€λ΅ μ—¬ν–‰κ°,μνλ¦¬μ–΄ (κΈμ—°),2018λ…„ 1μ›” | 1λ°•,μ¨λΉ„μ¤ μ—‰λ§..,['λ‹¤μ‹ μ¤κ³ μ‹¶μ§€μ•λ„¤μ”..']
105,λ¦¬μ‹μ¨ νΈν…” (Rezion Hotel),4.4,YUN (λ€ν•λ―Όκµ­),μ μ•„/μ•„λ™ λ™λ° κ°€μ΅± μ—¬ν–‰κ°,λ””λ­μ¤ μ¤μ…λ·° λ£Έ,2017λ…„ 12μ›” | 1λ°•,"μ„μΉ, λ‚λ°© μΆ‹μ",['λ°”λ‹·κ°€ κ·Όμ²λΌμ„ λ μ΅°κΈ λ” μ£Όκ³  μ¤μ…λ·°λ΅ μμ•½ν–μ§€λ§ 3μΈµλ΅ λ°°μ • λ°›μ•„μ„ μ•κ±΄λ¬Όλ§ μ λ³΄κ³  μ™”μ. λ‹¤λ¥Έ λ°©μ„ λ‹¬λΌκ³  ν–μ§€λ§ μ•„μΉ¨μ—” λ°”λ‹¤κ°€ μ λ³΄μΌ κ±°λΌκ³  μ•λ°”κΏ”μ¤. μ•„μΉ¨μ— μ•κ±΄λ¬Όλ“¤ μ €~~~λ’¤λ΅ λ°”λ‹¤κ°€ λ³΄μ΄κΈ°λ” ν•¨..']
106,λ¦¬μ‹μ¨ νΈν…” (Rezion Hotel),6.0,Bokyung (λ€ν•λ―Όκµ­),μ¶μ¥ μ—¬ν–‰κ°,μνλ¦¬μ–΄ (κΈμ—°),2017λ…„ 11μ›” | 1λ°•,μ μ•½μ •μ‹ μ΄ ν¬μ² ν•΄μ”~^^,['μ„μΉλ” μ°¨λ΅κ°€μ„ μ λ¨λ¥΄μ§€λ§ μ •λ§ λ¬Όμ΄ μ•λ”°λ“―ν•κ³  μ΅°κΈ λ‚μµλ‹λ‹¤.μ μ•½μ •μ‹ μ€ λ†’μ΄ μ‚¬μ§€λ§ γ…γ… μ—¬ν–‰κ°€μ„ μƒλ§μ„μ΄λ™ν•κΈ°κ°€~~']
107,λ¦¬μ‹μ¨ νΈν…” (Rezion Hotel),7.6,Shin (λ€ν•λ―Όκµ­),μ μ•„/μ•„λ™ λ™λ° κ°€μ΅± μ—¬ν–‰κ°,μ¤μ… νΈμ,2017λ…„ 9μ›” | 1λ°•,μΆ‹μ•„μ”^^,['μ λ§μκ³ λ‚μ¤λ ¤κ³  κΈ‰μ•μ•„λ΄¤λ”λ° κΉ”λ”ν•κ³  μΆ‹μ•μ–΄μ”~']
108,λ¦¬μ‹μ¨ νΈν…” (Rezion Hotel),8.0,JIM (λ€ν•λ―Όκµ­),λ‚ν™€λ΅ μ—¬ν–‰κ°,μ¤μ… νΈμ,2017λ…„ 9μ›” | 5λ°•,λ§¤μ° μΆ‹μ,['λ„λ¬΄ μΉμ ν•¨']
109,λ¦¬μ‹μ¨ νΈν…” (Rezion Hotel),9.6,Jun (λ€ν•λ―Όκµ­),κ·Έλ£Ή μ—¬ν–‰κ°,μνλ¦¬μ–΄ (κΈμ—°),2017λ…„ 7μ›” | 1λ°•,μµκ³ ,['μ§μ›λ¶„λ“¤ λκ² μΉμ ν•μ‹­λ‹λ‹¤.']
110,λ¦¬μ‹μ¨ νΈν…” (Rezion Hotel),8.0,Kwi (λ€ν•λ―Όκµ­),λ‚ν™€λ΅ μ—¬ν–‰κ°,μ¤μ… νΈμ,2017λ…„ 6μ›” | 1λ°•,"μ„μΉ, μ„μƒ, μΉμ , κ°€κ²© λ¨λ‘ λ§μ΅±!","['μ™μ† μ§μ›λ¶„λ“¤μ΄ λ„λ¬΄ μΉμ ν•κ³  μ„μΉμ™€ μ™μ† μƒνƒ, μ¤μ…λ·°κ°€ λ„λ¬΄ μΆ‹μ•μµλ‹λ‹¤. μ¶”μ²ν•©λ‹λ‹¤.']"
111,λ¦¬μ‹μ¨ νΈν…” (Rezion Hotel),8.0,YEONGJIN (λ€ν•λ―Όκµ­),κ·Έλ£Ή μ—¬ν–‰κ°,μνλ¦¬μ–΄ (κΈμ—°),2017λ…„ 6μ›” | 1λ°•,λ‚μμ§€μ•μ,['μ €λ ΄ν• λΉ„μ© λ€λΉ„ λ§μ΅±μ¤λ¬μ› μ–΄μ”']
112,λ¦¬μ‹μ¨ νΈν…” (Rezion Hotel),7.2,Myungjoo (λ€ν•λ―Όκµ­),μ»¤ν”/2μΈ μ—¬ν–‰κ°,μνλ¦¬μ–΄ (κΈμ—°),2017λ…„ 5μ›” | 1λ°•,"κ°€μ„±λΉ„, μ„μΉλ” μΆ‹μ•„μ”","['μ¬λ 3μ½”μ¤ κ±·κΈ° μ„ν•΄ ν‘μ„ λ©΄μ— μ™μ†λ¥Ό κµ¬ν•λ‹¤ λ³΄λ‹ ν›„κΈ° λ“±μ΄ μΆ‹μ•„ λ¦¬μ‹μ¨μ„ μμ•½ν–μµλ‹λ‹¤. κ°€κ²©μ΄ μ›λ‚™ μ €λ ΄ν•λ‹ λ§μ€ κ±Έ λ°”λΌλ©΄ μ•λμ§€λ§, μ‹μ„¤μ€ μΆ€... μ· ν•λ‚ κ±Έ κ³³μ΄ μ—†λ”κµ°μ”. κ°μ‹¤λ§ λ³΄λ©΄ λ„μ‹μ λ¨ν…”λ³΄λ‹¤ λ»ν• μμ¤€μ΄μ—μµλ‹λ‹¤. ν•μ§€λ§ μ²­κ²°ν•¨, μ„μΉ, μ§μ›μ μΉμ λ„ λ“±μ€ λ§μ΅±μ¤λ¬μ› μµλ‹λ‹¤.']"
113,λ¦¬μ‹μ¨ νΈν…” (Rezion Hotel),10.0,sungmin (λ€ν•λ―Όκµ­),λ‚ν™€λ΅ μ—¬ν–‰κ°,μνλ¦¬μ–΄ (κΈμ—°),2017λ…„ 4μ›” | 1λ°•,κ°€κ²©λ€λΉ„ μµμƒκΈ‰,['μ²­κ²° μµκ³  μ΅°μ©ν•¨ μµκ³  λ‹΄λ°°λƒ„μƒμ•λ‚¨']
114,λ¦¬μ‹μ¨ νΈν…” (Rezion Hotel),7.6,Jaemin (λ€ν•λ―Όκµ­),λ‚ν™€λ΅ μ—¬ν–‰κ°,μ¤μ… νΈμ,2017λ…„ 2μ›” | 1λ°•,κΉ”λ”,['κ°€κ²©λ€λΉ„ μΆ‹μ•„μ”']
115,λ¦¬μ‹μ¨ νΈν…” (Rezion Hotel),8.0,yeongseung (λ€ν•λ―Όκµ­),λ‚ν™€λ΅ μ—¬ν–‰κ°,μνλ¦¬μ–΄ (κΈμ—°),2017λ…„ 2μ›” | 1λ°•,κ°€κ²© λ€λΉ„ κ΄μ°®μ•„μ”,['μ‹Όλ§›μ— κ°€κΈ°μ— μΆ‹μ€ κ³³μ΄μ—μ” κΉ¨λ—ν•κ³  κΉ”λ”ν•©λ‹λ‹¤ κ·Όμ²μ— μμ‚° λ§νΈκ°€ μμ–΄μ„ νλ„ μ‹Έκ² λ¨Ήμ„ μ μμ–΄μ„ μΆ‹μ•μ–΄μ”']
116,λ¦¬μ‹μ¨ νΈν…” (Rezion Hotel),4.4,joonheung (λ€ν•λ―Όκµ­),μ¶μ¥ μ—¬ν–‰κ°,μνλ¦¬μ–΄ (κΈμ—°),2017λ…„ 2μ›” | 1λ°•,λΉ„ μ¶”μ²,['λΉ„ μ¶”μ²']
117,λ¦¬μ‹μ¨ νΈν…” (Rezion Hotel),6.4 μ–‘νΈ,Sujeong (λ€ν•λ―Όκµ­),μ»¤ν”/2μΈ μ—¬ν–‰κ°,κ°μ‹¤μ •λ³΄μ—†μ,2017λ…„ 1μ›” | 1λ°•,μ‹Όλ§›μ—,['κ·Έλƒ¥ μ‹Όλ§›μ— μ΄μ©ν•λ”κ±°μ£  λ­']
118,λ¦¬μ‹μ¨ νΈν…” (Rezion Hotel),2.0,Min (λ€ν•λ―Όκµ­),μ»¤ν”/2μΈ μ—¬ν–‰κ°,κ°μ‹¤μ •λ³΄μ—†μ,2016λ…„ 12μ›” | 1λ°•,λΉ„μ¶”.,"['μ„Όμ„λ“±μ΄ λ§κ°€μ§„ λ°©μ„ μ¤¬μΌλ©΄ λ‹Ήμ¥ λ°©μ„ λ°”κΏ”μ¤μ•Όμ§€ κ²€μ€μƒ‰ μΆ…μ΄ μ‚¬λ‹¤κ°€ λ¶™μ΄λ©΄ κ·Έκ² μ•λ–¨μ–΄μ§€κ³  κ³„μ† λ¶™μ–΄μλ‚μ”? κ²°κµ­ λ°”κΏ”μ¤„κ±°λ©΄μ„ μ²μλ¶€ν„° λ°”κΏ”μ¤¬μ λμ§μ¦ λ‚¬μ„ν…λ° μ‰¬λ¬κ°”λ”λ° κ·€μ°®κ²λ§ λ§λ“μ‹λ„¤μ”. κ·Έλ¦¬κ³  λ”λΈ”λ£Έμ΄ λ§μ΄ μ—†μΌλ©΄ λ©”μΈμ— νΈμλ£Έμ‚¬μ§„μ„ κ±Έμ–΄λ†”μ•Όμ§€ λ§‰μƒ κ°€λ‹κΉ λ”λΈ”λ£Έμ€ λ‡κ° μ—†λ‹¤κ³  μ„ μ°©μ λ°°μ •μ΄λΌκ³  ν•λ©΄ μ–΄μ°ν•©λ‹κΉ? λ°©,ν™”μ¥μ‹¤λ„ μΆκ³ , μ΅°μ‹μ€ νƒ€ νΈν…”λ“¤κ³Ό λ‹¤λ¥΄κ² λ©”μΈλ°μ°¬ ν•λ‚ μ—†λ„¤μ”. μ—¬λ¬κ°€μ§€λ΅ λ¶νΈν•κ³  μ§μ¦λ‚¬λ„¤μ”. λΉ„μ¶”.']"
119,λ¦¬μ‹μ¨ νΈν…” (Rezion Hotel),6.0,Lee (λ€ν•λ―Όκµ­),μ»¤ν”/2μΈ μ—¬ν–‰κ°,κ°μ‹¤μ •λ³΄μ—†μ,2016λ…„ 11μ›” | 1λ°•,μ²­μ†λ¶λ‰,['μ΅°μ‹μ€ μƒκ°λ³΄λ‹¤ κ΄μΈ μ²­μ†λ¶λ‰ λƒ‰μ¥κ³  μμ‹λ¬Όλ‚¨μ λ‹¤λ¥Έκ³³μ€ κΉ¨μ”ƒ']
120,CJ κ΄€κ΄‘νΈν…” (CJ Tourist Hotel),7.0,min (λ€ν•λ―Όκµ­),μ»¤ν”/2μΈ μ—¬ν–‰κ°,λ”λΈ”λ£Έ - 8py,2015λ…„ 10μ›” | 2λ°•,μ•„κ³ λ‹¤ ν†µν•΄μ„ μ €λ ΄ν•κ² μ΄μ©ν–μµλ‹λ‹¤,"['κ°€κ²©, κΈμ—°, μ„μΉ', 'μ λ‹Ήν• κ°€κ²©κ³Ό μ‹λ‚΄ μ¤‘μ‹¬μ— μ„μΉν•κ³  κΈμ—°λ£Έμ΄ μΆ‹μ•μµλ‹λ‹¤ λ°©μ€ μ‘μ•μ§€λ§ μƒλ΅ μ¤ν”ν•μ§€ 1λ…„μ •λ„λΌ κΉ¨λ—ν•κ³  κ°„λ‹¨ν• ν•μ‹μΌλ΅ μ΅°μ‹λ„ μ κ³µ λμµλ‹λ‹¤.']"
121,CJ κ΄€κ΄‘νΈν…” (CJ Tourist Hotel),7.3,HYUK (λ€ν•λ―Όκµ­),μ¶μ¥ μ—¬ν–‰κ°,λ”λΈ”λ£Έ - 8py,2015λ…„ 10μ›” | 3λ°•,μ‹λ‚΄μ—μ„ λ¨Έλ¬΄λ¥΄κΈ° λ¬΄λ‚ν• μ™μ†,"['μ„μΉ, ν•μ‹ μ΅°μ‹, κ°μ‹¤', 'μ‹λ‚΄μ— μ„μΉν• κ³³μΌλ΅ μ£Όμ°¨κ°€ λ‹¤μ† μ–΄λ ¤μ°λ‚, νΈν…” μ‚¬μ¥λ‹μ—κ² μ΄μ•ΌκΈ° ν•λ©΄ ν•΄κ²° ν•΄ μ£Όμ‹­λ‹λ‹¤. κ°μ‹¤λ„ λ¬΄λ‚ν•©λ‹λ‹¤.']"
122,CJ κ΄€κ΄‘νΈν…” (CJ Tourist Hotel),8.0,JUNGSOO (λ€ν•λ―Όκµ­),μ¶μ¥ μ—¬ν–‰κ°,λ”λΈ”λ£Έ - 8py,2015λ…„ 7μ›” | 1λ°•,μ•„μΉ¨ μ•μ£Όλ‚μ”?,"['μ„μΉ μ²­κ²° κµν†µ', 'μ•„μΉ¨μ— μΌμ–΄λ‚λ‹ μ‹λ‹Ήμ— μμ‹μ΄ μ¤€λΉ„κ°€ μ•λμ–΄μκ³  μ£ΌμΈλ¶„μ€ λ¶λ¬λ„ μ λ§ μλ”κµ°μ”. μ™λ°• μ†λ‹μ—κ² μ•„μΉ¨μ— μ‹μ‚¬λ¥Ό μ•μ¤€λ‹¤λ©΄ λ―Έλ¦¬ λ§ν–μΌλ©΄ μΆ‹μ•μ„ν…λ° κ·Όμ²μ— μ•„μΉ¨λλ” μ‹λ‹Ήλ„ μ—†κ³ μ”. λ•λ¶„μ— κ·Όμ² λν‚¨ λ„λ„μΈ μ—μ„ μ»¤ν”Όμ™€ λ„λ„› λ‘κ°λ΅ λ¬΄λ ¤ 7000μ›μ΄λ€ λμ„ μΌλ„¤μ”. μ•„μΉ¨λ§ ν•μ‹μ μΌλ΅ μ κ³µν•λ©΄ μΆ‹μ•μ„ν…λ° μ•„μ‰½μµλ‹λ‹¤.']"
123,CJ κ΄€κ΄‘νΈν…” (CJ Tourist Hotel),8.7,SOOHYUN (λ€ν•λ―Όκµ­),μ»¤ν”/2μΈ μ—¬ν–‰κ°,λ”λΈ”λ£Έ - 8py,2015λ…„ 5μ›” | 1λ°•,κ΄μ°®μ•„μ”~,"['μ„μΉ, κ·Όμ² κ·Ήμ¥μμ, μ§μ›', 'κ΄μ°®μ€ νΈ λ‚μμ§€ μ•λ‹¤. λ’·νΈμ— λ°”λ΅ CGVκ°€ μμ–΄. μν™”λ³΄λ¬ κ° μμκ³ , μ΅°μ©ν• νΈμΈλ°, 50 λ―Έν„°λ§ κ°€λ©΄ λ²ν™”κ°€κ°€ μμ–΄ μ λ§μ‹κΈ° μΆ‹λ‹¤ γ…γ…γ…']"
124,CJ κ΄€κ΄‘νΈν…” (CJ Tourist Hotel),10.0,Taehyung (λ€ν•λ―Όκµ­),μ¶μ¥ μ—¬ν–‰κ°,λ”λΈ”λ£Έ - 8py,2015λ…„ 11μ›” | 1λ°•,μΆ‹μµλ‹λ‹¤,"['κ°€κ²©/μ„μΉ/μ‹μ„¤', 'μΆ‹μµλ‹λ‹¤. μ£ΌμΈλ¶„λ„ μΉμ ν•μ‹κ³  μΆ‹μ•μµλ‹λ‹¤.']"
125,CJ κ΄€κ΄‘νΈν…” (CJ Tourist Hotel),5.7,JONG (λ€ν•λ―Όκµ­),μ¶μ¥ μ—¬ν–‰κ°,λ”λΈ”λ£Έ - 8py,2014λ…„ 10μ›” | 1λ°•,μ„μΉλ” κ΄μ°®μΌλ‚ λ‹¤μ† λΉ„μ,"['μ„μΉ, μ ‘κ·Όμ„±, κµν†µ', 'μ¶μ¥μΌλ΅ μ™”λ‹¤ 1λ°•λ§ ν–λ”λ° κ·Έλ­μ €λ­ κ°€κ²©λ€λΉ„ μ•½κ°„ λΉ„μ‹Όκ² ν ']"
126,CJ κ΄€κ΄‘νΈν…” (CJ Tourist Hotel),4.8,bomi (λ€ν•λ―Όκµ­),μ»¤ν”/2μΈ μ—¬ν–‰κ°,λ”λΈ”λ£Έ - 8py,2016λ…„ 6μ›” | 1λ°•,λ¶μΉμ ν•΄λ³΄μ€μ–΄μ”,['μ‚¬μ¥λ‹?μ΄μ‹ μ§€ λ‚¨μλ¶„μ΄ λ¶μΉμ ν•κ² λ§μ”€ν•μ‹κ³  μ•„κ³ λ‹¤μ— λ°©μ΄μλ”λ° μ—†λ‹¤λ©° λ§μ“°λ§μ…¨μ–΄μ” μ΅°μ‹κΈ°λ€ν—κ· κ°”λ”λ° μ΅°μ‹λ„ κ·Έλƒ¥κ·Έλƒ¥...']
127,CJ κ΄€κ΄‘νΈν…” (CJ Tourist Hotel),6.0,JONG (λ€ν•λ―Όκµ­),μ¶μ¥ μ—¬ν–‰κ°,λ””λ­μ¤ νΈμ - 12py,2014λ…„ 10μ›” | 1λ°•,κ°€κ²©λ€λΉ„ λ³„λ΅ μ„μΉλ” μΆ‹μ,"['μ„μΉ, μ ‘κ·Όμ„±', 'κ·Έλƒ¥ 1λ°•λ§ ν–μ. μΈν„°λ„·μ€ μν„°μ§']"
128,CJ κ΄€κ΄‘νΈν…” (CJ Tourist Hotel),7.2,kayoung (λ€ν•λ―Όκµ­),μ¶μ¥ μ—¬ν–‰κ°,νΈμλ£Έ,2019λ…„ 7μ›” | 2λ°•,μ¶μ¥,['μμ..']
129,CJ κ΄€κ΄‘νΈν…” (CJ Tourist Hotel),4.4,jeong (λ€ν•λ―Όκµ­),μ»¤ν”/2μΈ μ—¬ν–‰κ°,λ”λΈ”λ£Έ - 8py,2016λ…„ 4μ›” | 1λ°•,μ μ£Όμ—¬ν–‰,['λ³„μ¤μ¤']
130,CJ κ΄€κ΄‘νΈν…” (CJ Tourist Hotel),8.8,stevie (λ€ν•λ―Όκµ­),λ‚ν™€λ΅ μ—¬ν–‰κ°,λ”λΈ”λ£Έ - 8py,2023λ…„ 1μ›” | 5λ°•,κΉ¨λ—ν•¨,['λ¨κ±°μ΄λ¬Ό μ½Έμ½Έ']
131,CJ κ΄€κ΄‘νΈν…” (CJ Tourist Hotel),5.2,eunmi (λ€ν•λ―Όκµ­),μ μ•„/μ•„λ™ λ™λ° κ°€μ΅± μ—¬ν–‰κ°,λ””λ­μ¤ νΈμ - 12py,2022λ…„ 12μ›” | 1λ°•,μ‹λ‚΄μ ν¥κ°€ λ™λ„¤ λ¨ν…”μ…λ‹λ‹¤. ,['CJ μ•„λ‹κ³  CnJ μ΄κ³  λ‚¨μ μ‚¬μ°λ‚μλ” μ‹λ‚΄ μ ν¥κ°€ λ¨ν…”μ΄μμ”. λΉ„ν–‰κΈ° κ²°ν•­μΌλ΅ κΈ‰ν κ³µν•­κ·Όμ²λΌκ³  μ΅μ•λ”λ° μ΄λ¦„λ„ λ‹¤λ¥΄κ³  λ€μ‹¤ λ¨ν…”λ°©μ΄λΌ κΉμ§ λ†€λλ„¤μ”. κ·Έλλ„ μ£ΌμΈλ¶„λ“¤μ€ μΉμ ν•μ…¨μ–΄μ¤.']
132,CJ κ΄€κ΄‘νΈν…” (CJ Tourist Hotel),7.2,SUN (λ€ν•λ―Όκµ­),λ‚ν™€λ΅ μ—¬ν–‰κ°,λ”λΈ”λ£Έ - 8py,2022λ…„ 3μ›” | 1λ°•,μ‹μ™Έλ²„μ¤ μ—¬ν–‰μ‹ νΈλ¦¬ν• μ„μΉ,['μ μ£Όμ‹ κ΄‘μ–‘μ‚¬κ±°λ¦¬μ— μ„μΉν•μ—¬ μ‹μ™Έλ²„μ¤λ¥Ό νƒ€κ³  μ μ£Όμ—¬ν–‰μ„ κ³„νν•λ” κ²½μ° μ•„μ£Ό νΈλ¦¬ν•©λ‹λ‹¤.']
133,CJ κ΄€κ΄‘νΈν…” (CJ Tourist Hotel),2.8,Brandon (λ―Έκµ­),λ‚ν™€λ΅ μ—¬ν–‰κ°,λ”λΈ”λ£Έ - 8py,2022λ…„ 6μ›” | 1λ°•,Awful,['They couldnβ€™t find my booking. Gave me the wrong room. They called me at 8am and told me to checkout and pay. They charged me more than what I booked on Agoda.']
134,CJ κ΄€κ΄‘νΈν…” (CJ Tourist Hotel),7.6,Stephen (λ―Έκµ­),μ¶μ¥ μ—¬ν–‰κ°,λ”λΈ”λ£Έ - 8py,2017λ…„ 3μ›” | 1λ°•,A good room,['It had everything you needed. The satff were friendly but no English. rooms were clean and had water in each room.']
135,CJ κ΄€κ΄‘νΈν…” (CJ Tourist Hotel),9.6,Lalita (νƒκµ­),μ¶μ¥ μ—¬ν–‰κ°,λ”λΈ”λ£Έ - 8py,2016λ…„ 5μ›” | 5λ°•,Nice and clean hotel,"[""Nice and clean hotel. It's new and staffs are friendly but they cannot speak English.""]"
136,CJ κ΄€κ΄‘νΈν…” (CJ Tourist Hotel),8.0,POH (λ§λ μ΄μ‹μ•„),κ·Έλ£Ή μ—¬ν–‰κ°,λ””λ­μ¤ νΈμ - 12py,2016λ…„ 11μ›” | 2λ°•,"located at downtown, comfortable room, friendly staff, free parking.",['N/A']
137,CJ κ΄€κ΄‘νΈν…” (CJ Tourist Hotel),10.0,Todd (λ―Έκµ­),λ‚ν™€λ΅ μ—¬ν–‰κ°,λ”λΈ”λ£Έ - 8py,2016λ…„ 10μ›” | 1λ°•,Everything great except lack of English,"['This place was perfect, including a power adapter and being well positioned for buses, except that no one speaks English. That wasn\'t a significant problem, but it was strange for a ""tourist hotel"".']"
138,CJ κ΄€κ΄‘νΈν…” (CJ Tourist Hotel),8.4,czarina (ν•„λ¦¬ν•€),μ¶μ¥ μ—¬ν–‰κ°,λ”λΈ”λ£Έ - 8py,2016λ…„ 5μ›” | 1λ°•,na,['na']
139,CJ κ΄€κ΄‘νΈν…” (CJ Tourist Hotel),9.0,in (λ―Έκµ­),μ»¤ν”/2μΈ μ—¬ν–‰κ°,λ””λ­μ¤ νΈμ - 12py,2015λ…„ 11μ›” | 5λ°•,Satisfied customer,"['Value for your money, good location wrt the airport, cleanliness of room', 'Overall, very satisfied.']"
140,CJ κ΄€κ΄‘νΈν…” (CJ Tourist Hotel),8.0,Lukas (μ¤μ„μ¤),λ‚ν™€λ΅ μ—¬ν–‰κ°,λ”λΈ”λ£Έ - 8py,2015λ…„ 10μ›” | 1λ°•,nice location,"['location, room, friendliness', 'Very good. But staff speak no english, be aware']"
141,CJ κ΄€κ΄‘νΈν…” (CJ Tourist Hotel),9.0,Jie (μ¤‘κµ­),λ‚ν™€λ΅ μ—¬ν–‰κ°,λ”λΈ”λ£Έ - 8py,2014λ…„ 11μ›” | 3λ°•,Better than good.,"['Scenery of Hallasan, breakfast, cleanliness', 'Not far from the airport and very close to the City Hall. Many restaurant nearby. Great view of Mt. Hallasan from the window.']"
142,CJ κ΄€κ΄‘νΈν…” (CJ Tourist Hotel),8.0,AIHUA (μ¤‘κµ­),κ·Έλ£Ή μ—¬ν–‰κ°,λ””λ­μ¤ νΈμ - 12py,2015λ…„ 6μ›” | 3λ°•,Convenient and clean,"['Around 1 km away from the bus terminal and 2 km away from Nanta Show and Dongmun market. Clean and space room.', 'Quiet and clean room, big space. Bed are comfortable. The room rate includes breakfast, but we were late and did not get to try. The receptionist at front desk could not speak in English, neither the staff, it is little difficult to communicate. Hotel is at tne small alley next to the main road, it is not easy to find, so need a taxi driver know the city well.']"
143,CJ κ΄€κ΄‘νΈν…” (CJ Tourist Hotel),7.0,Ryan (νΈμ£Ό),λ‚ν™€λ΅ μ—¬ν–‰κ°,λ””λ­μ¤ νΈμ - 12py,2015λ…„ 5μ›” | 3λ°•,Clean and nice inside,"['The breakfast was good, beds were large, room was clean', 'Nice enough hotel. Had to pay extra upon arrival for having a third guest in a room which already had a queen bed and a single bed.']"
144,CJ κ΄€κ΄‘νΈν…” (CJ Tourist Hotel),7.3,TECK (λ§λ μ΄μ‹μ•„),μ»¤ν”/2μΈ μ—¬ν–‰κ°,λ”λΈ”λ£Έ - 8py,2015λ…„ 5μ›” | 2λ°•,"Good location, big room ","['Good location, big room, easy check-in', 'overall good and spacious. Good location. The staff is not very good in english but they tried their best. No issues during our whole trip.']"
145,CJ κ΄€κ΄‘νΈν…” (CJ Tourist Hotel),8.3,in (λ―Έκµ­),μ»¤ν”/2μΈ μ—¬ν–‰κ°,λ””λ­μ¤ νΈμ - 12py,2015λ…„ 5μ›” | 5λ°•,Comfortable room with good sun lighting,"['Location is near the airport and to the inner city bus terminal for easy get around, rate is good and room is clean and bed comfortable.', 'Very satisfactory and most likely to return.']"
146,CJ κ΄€κ΄‘νΈν…” (CJ Tourist Hotel),6.3,Collin (μ‹±κ°€ν¬λ¥΄),μ»¤ν”/2μΈ μ—¬ν–‰κ°,λ”λΈ”λ£Έ - 8py,2015λ…„ 3μ›” | 1λ°•,Good for one night stay,"['Location, Room Clealiness, and Easy to get around', 'Simple, no frills stay']"
147,CJ κ΄€κ΄‘νΈν…” (CJ Tourist Hotel),9.3,andrean (μΈλ„λ„¤μ‹μ•„),κ·Έλ£Ή μ—¬ν–‰κ°,λ””λ­μ¤ νΈμ - 12py,2015λ…„ 3μ›” | 2λ°•,GREATTTT,"['GOOD,GREAT,BEST']"
148,CJ κ΄€κ΄‘νΈν…” (CJ Tourist Hotel),4.7,Mei (ν™μ½©),μ²­μ†λ…„ λ™λ° κ°€μ΅± μ—¬ν–‰κ°,λ”λΈ”λ£Έ - 8py,2014λ…„ 12μ›” | 3λ°•,"cleanliness, location","['clean, location', ""Breakfast is simple but ok. The host doesn't offer much help even we speak in Korean language. The room is tiny but comfortable and clean. The location is prime for the tourists.""]"
149,CJ κ΄€κ΄‘νΈν…” (CJ Tourist Hotel),6.0,Angela (ν•„λ¦¬ν•€),κ·Έλ£Ή μ—¬ν–‰κ°,λ””λ­μ¤ νΈμ - 12py,2014λ…„ 12μ›” | 4λ°•,quiet neighborhood,['peaceful']
150,CJ κ΄€κ΄‘νΈν…” (CJ Tourist Hotel),3.7,Kher (μ‹±κ°€ν¬λ¥΄),μ μ•„/μ•„λ™ λ™λ° κ°€μ΅± μ—¬ν–‰κ°,λ””λ­μ¤ νΈμ - 12py,2014λ…„ 12μ›” | 2λ°•,very lousy hotel,"['none', 'The hotel was close to the red sport area of the city. NONE of the hotel staff can speak English, the room got smell, breakfast was very simple and most of the food are cold. Waitress are not friendly, restaurant got smell.']"
151,CJ κ΄€κ΄‘νΈν…” (CJ Tourist Hotel),8.7,SHANNON (λ§λ μ΄μ‹μ•„),μ»¤ν”/2μΈ μ—¬ν–‰κ°,λ”λΈ”λ£Έ - 8py,2014λ…„ 10μ›” | 1λ°•,CJ@Jeju,"['Cleanliness, Not Too Commercialise, Surrounding', 'The room is actually more spacious than it looks in the photos. It is relatively new hotel thus, thumbs up for cleanliness. The staffs are not exactly 3 stars hotel trained but it seem more like family business yet comforting in a way. It is recommended for those who wish to have supper and beer nearby the hotel in the evening or rather all night long till wee hour... it is just a brief walk away...']"
152,CJ κ΄€κ΄‘νΈν…” (CJ Tourist Hotel),9.7,Aranganathan (μΈλ„),μ μ•„/μ•„λ™ λ™λ° κ°€μ΅± μ—¬ν–‰κ°,λ””λ­μ¤ νΈμ - 12py,2014λ…„ 11μ›” | 2λ°•,Recommended for traveling Jeju city,"['Less expensive, Close to airport, Call taxi', 'Stay was good. I stayed with my wife and son. Near to Jeju airport. Located inside Jeju city. Just 30 minutes from hotel to travel to Eco land, Mini land, Stone museum, sangumburi. And 25 minutes from hotel to Yongduam rock, Iho beach. Recommended for most places that were inside Jeju city. Breakfast is okay. They have bread + Jam and some Korean foods.']"
153,CJ κ΄€κ΄‘νΈν…” (CJ Tourist Hotel),8.3,Desia (μΈλ„λ„¤μ‹μ•„),κ·Έλ£Ή μ—¬ν–‰κ°,λ”λΈ”λ£Έ - 8py,2014λ…„ 11μ›” | 2λ°•,Clean room,"['The room is clean. The hotel location is near with restaurant and shop.', 'the hotel is clean and good location at the city. Staff are very nice and helpful.']"
154,CJ κ΄€κ΄‘νΈν…” (CJ Tourist Hotel),9.0,Marcia (μ‹±κ°€ν¬λ¥΄),μ²­μ†λ…„ λ™λ° κ°€μ΅± μ—¬ν–‰κ°,λ””λ­μ¤ νΈμ - 12py,2014λ…„ 10μ›” | 1λ°•,Clean and safe hotel,"['New, clean and quiet', ""The hotel is very near to restaurants and shops. It was situated in safe and quiet location because our taxi driver told us that the hotel is located nearby the schools. Counter staff does not speak English but he tries to get assistance from others. There are plenty of good food outlets around the hotel. It's half an hour's ride by public transport to Jeju airport. I would highly recommend this hotel.""]"
155,CJ κ΄€κ΄‘νΈν…” (CJ Tourist Hotel),8.0,kim (μ‹±κ°€ν¬λ¥΄),μ²­μ†λ…„ λ™λ° κ°€μ΅± μ—¬ν–‰κ°,ν¨λ°€λ¦¬λ£Έ - 15py,2014λ…„ 10μ›” | 4λ°•,Comfortable,"['Clean, spacious and comforable', 'Hotel is new but taxi drivers have difficulty in locating. It is near to airport and restaurants are within walking distance. Simple breakfast is provided and the only draw back is staffs unable to speak English or Mandarin.']"
156,CJ κ΄€κ΄‘νΈν…” (CJ Tourist Hotel),9.0,Duy (νΈμ£Ό),μ»¤ν”/2μΈ μ—¬ν–‰κ°,λ”λΈ”λ£Έ - 8py,2014λ…„ 9μ›” | 1λ°•,Great location,"['Proximity to bus terminal as well as restaurants and had all the essentials for a comfortable stay.', ""We stayed here one night during our short trip to Jeju. It was in a good location being only a minutes' walk away from restaurants and ubiquitious convenience stores. Additionally it's only 15 minutes walk from the intercity bus terminal. The room itself had all essentials needed for a comfortable night's stay. Room was small size but cosy.""]"
157,CJ κ΄€κ΄‘νΈν…” (CJ Tourist Hotel),8.3,KOICHI (μΌλ³Έ),μ²­μ†λ…„ λ™λ° κ°€μ΅± μ—¬ν–‰κ°,λ””λ­μ¤ νΈμ - 12py,2015λ…„ 3μ›” | 5λ°•,γ‚³γ‚Ήγƒγƒ‘γƒ•γ‚©γƒΌγƒγƒ³γ‚Ή,"['θ¨­ε‚™\u3000γζƒι™¤γ‚Ήγ‚Ώγƒƒγƒ•\u3000ζι£', 'γ‚³γ‚¤γƒ³γƒ©γƒ³γƒ‰γƒγƒΌγθΏ‘γγ«γ‚γ‚‹γ¨γ„γ„γ®γ§γ™γγ€ δΈ€η•ε¤§γγ„δΊ¤ε·®η‚Ήγ‹γ‚‰ζ±γ«1ζ¬η›®γ®θ·―ε°γ‚’ε—γ«30ο½γ«γ‚γ‚γΎγ™ googlemap γ§\u3000λΉ¨λλ°©\u3000γ‚’ζ¤η΄Άγ—γ¦δΈ‹γ•γ„']"
158,CJ κ΄€κ΄‘νΈν…” (CJ Tourist Hotel),10.0,longmei (μ¤‘κµ­),λ‚ν™€λ΅ μ—¬ν–‰κ°,λ”λΈ”λ£Έ - 8py,2015λ…„ 3μ›” | 2λ°•,δ½η½®θΎƒε¥½ θ·η¦»ε·΄ε£«ζ€»η«™θµ°θ·―15ε†ι’ θ·η¦»δΈι—¨εΈ‚εΊε°δΈ‹ε•†δΈθ΅—θµ°θ·―20ε†ι’,"['δ½η½® ζΈ…ζ΄ ζε΅', 'δ½η½®θΎƒε¥½ ε‡Ίι—¨ε°±ζ―δΎΏε©εΊ— θ·η¦»ζ—§ζµε·η„ζ™―η‚ΉδΈ‰ε§“η©΄δΉ±ζ‰“ε‰§εΊ δΈε¤θΏ θ·η¦»ε·΄ε£«ζ€»η«™θµ°θ·―15ε†ι’ θ·η¦»δΈι—¨εΈ‚εΊε°δΈ‹ε•†δΈθ΅—θµ°θ·―20ε†ι’ θ·η¦»ζΊεΊδΉδΈθΏ ι…’εΊ—ε‘¨ε›΄εΎε®‰ι™ η―εΆƒεΎε¥½']"
159,CJ κ΄€κ΄‘νΈν…” (CJ Tourist Hotel),5.3,Christine (μ¤‘κµ­),λ‚ν™€λ΅ μ—¬ν–‰κ°,λ”λΈ”λ£Έ - 8py,2015λ…„ 3μ›” | 1λ°•,ι™¤δΊ†δ½η½®ε¥½οΌε…¶δ»–ιƒ½εΎδΈ€θ¬,"['ζ²΅ζ‰', 'θΏ™ε®¶εΊ—ι™¤δΊ†ε°η†δ½η½®ε¥½δΈ€η‚Ήδ»¥ε¤–οΌε…¶δ»–ιƒ½δΈζ€δΉζ ·γ€‚εΊ—ε‘ιƒ½ζ―ε¤§ε¦ε¤§ε”οΌθ‹±ζ–‡οΌδΈ­ζ–‡ζ°΄εΉ³ιƒ½εΎε·®οΌζ²ι€δΈδΊ†οΌζ—©ι¤δΉδΈζ€δΉζ ·γ€‚check inοΌδ»–δ»¬εθ®¤εΎ—θ®Άε•ε·οΌε…¶δ»–ι…’εΊ—εη»™ζ¤η…§ε°±ε―δ»¥δΊ†γ€‚ζΏι—΄η‰Ήε°οΌη›Έε―Ήζ―”ε…¶δ»–εδ»·ι’±η„ι…’εΊ—οΌθΏ™ε®¶ι…’εΊ—ζ‰η‚Ήεθ΄µοΌζ΅δ»¶ε·®δΈ€η‚Ήγ€‚ζ€§δ»·ζ―”εΉ¶δΈζ―η‰Ήε«ι«γ€‚']"
160,κ³¨λ“  νν¬ νΈν…” μ μ£Ό (Golden Park Hotel Jeju),10.0,WOO (λ€ν•λ―Όκµ­),λ‚ν™€λ΅ μ—¬ν–‰κ°,λ”λΈ” μ΄μ½”λ…Έλ―Έ,2022λ…„ 6μ›” | 8λ°•,μ μ£Όλ„μ²μμ΄μ‹ λ¶„λ“¤ κ°•μ¶”!!,"['μ μ£Όλ„ λ‘λ²μ§Έλ°©λ¬Έμ΄κ³ , ν›„κΈ°λ³΄κ³  μ„ νƒν–λ”λ° λ„λ¬΄μΆ‹μ•μ–΄μ”. μ°μ„  μ„μΉκ°€ λ²„μ¤ν„°λ―Έλ„ μ†μ΄λΌ μ—¬κΈ°μ €κΈ°κ°€κΈ°κ°€λ„μΆ‹μ•„μ”. κ·Έλ¦¬κ³  μ•μ— κ±΄μ²μ΄λΌμ„ μ•„λ¬΄κ²ƒλ„μ—†μ–΄μ„ μ‹ κ²½μ“°μ΄κ±°λ‚ μ‹λ„λ¬μ΄κ±°μ—†κµ¬μ”. λ§¤λ²μ²­μ†λ„ κΉ”λ”ν•κ²λμ–΄μκ³ , μμ••λ„μΆ‹μ•„μ”. ν•λΌμ‚°κ°€λ ¤κµ¬ μ„ νƒν–λ”λ° μ—¬κΈ°μ €κΈ°μ®κΈ°κΈ°μ‹«μ–΄μ„ κ³„μ†μμ—λ”λ° μ—­μ‹λ‚μΆ‹μ•„μ” κ·Έλ¦¬κ³  μ£Όλ³€μ— κΈ°μ‚¬μ‹λ‹Ήλ“± λ§›μ§‘λ„λ§μ•„μ„ μ—¬κΈ°μ €κΈ°μ°Ύμ•„λ‹¤λ‹λ” μκ³ μ¤λΌμ„ λμλ„μκ³  λΉ¨λλ°©λ„3λ¶„κ±°λ¦¬λΌ λ„λ¬΄μΆ‹μ•„μ”. κ°•μ¶”μ…λ‹λ‹¤']"
161,κ³¨λ“  νν¬ νΈν…” μ μ£Ό (Golden Park Hotel Jeju),10.0,Hyunkyung (λ€ν•λ―Όκµ­),κ·Έλ£Ή μ—¬ν–‰κ°,"λ£Έ (μ‹±κΈ€λ² λ“ 2κ°, κΈμ—°)",2022λ…„ 7μ›” | 2λ°•,μµκ³ ,"['κ°€μ„±λΉ„κ°€ λ§¤μ° μ°μν•©λ‹λ‹¤. λ²„μ¤ν„°λ―Έλ„ μ†μ΄λΌ λ²„μ¤μ—¬ν–‰κ°μΈ μ €λ” λ§¤μ° λ§μ΅±μ¤λ½κ³  μ§μ›λ¶„λ“¤μ΄ μΉμ ν•΄μ„ μΆ‹μ•μ–΄μ”. μ΅°μ‹μ€ μ• λμ§€λ§ μ •μκΈ°μ™€ μ „μλ μ§€, μ»¤ν”Όλ¨Έμ‹ μ΄ μμ–΄μ”. κ°€μ΅±μ—¬ν–‰μ΄κ³  μ™μ†μ— μ¤λ μμ§€ μ•μ„ κ±°λΌ κ°€μ„±λΉ„κ°€ μ¤‘μ”ν–λ”λ° κ·Έλ¶€λ¶„μ€ λ°±μ  λ“λ¦¬κ³  μ‹¶κ³ , μμ••λ„ μΆ‹μ•„μ„ μƒ¤μ›λ‚ ν™”μ¥μ‹¤ μ΄μ©μ΄ νΈν–μ–΄μ”.']"
162,κ³¨λ“  νν¬ νΈν…” μ μ£Ό (Golden Park Hotel Jeju),10.0 μµκ³ ,EUN (λ€ν•λ―Όκµ­),κ·Έλ£Ή μ—¬ν–‰κ°,κ°μ‹¤μ •λ³΄μ—†μ,2021λ…„ 3μ›” | 1λ°•,κ°“μ„±λΉ„ μµκ³ ,"['κ°“μ„±λΉ„ μµκ³ μ…λ‹λ‹¤.. μƒκ°λ³΄λ‹¤ μ—„μ²­ κΉ¨λ—ν•κ³  ν™”μ¥μ‹¤λ„ λ„“κ³  μ‚¬μ¥λ‹λ„ μΉμ ν•μ‹κ³  μ €λ” λ„λ¬΄ μ μ΄μ©ν–μ–΄μ” λ‹¤λ§ μ£Όμ°¨κ³µκ°„μ΄ μ—†λ”λ°, ν•λΌμ²΄μ΅κ΄€μ΄λ‚ κ·Όμ² κ³¨λ©μ— μ£Όμ°¨ν•λ©΄ λ©λ‹λ‹¤. μ§„μ§ κ°“μ„±λΉ„ μµκ³ μ…λ‹λ‹¤^^']"
163,κ³¨λ“  νν¬ νΈν…” μ μ£Ό (Golden Park Hotel Jeju),10.0 μµκ³ ,Junsu (λ€ν•λ―Όκµ­),μ¶μ¥ μ—¬ν–‰κ°,κ°μ‹¤μ •λ³΄μ—†μ,2021λ…„ 4μ›” | 2λ°•,λ§μ΅±!,['μ μ£Όμ‹μ™Έλ²„μ¤ν„°λ―Έλ„ κ·Όμ²μ— μ„μΉν•΄μ„ μ„μΉ μΆ‹κ³  κ³µν•­μ΄λ‘ κ°€κΉμ›€ μ²­μ† μƒνƒ μΆ‹κ³  λ§μ΅±ν•¨ λ‹¤λ§ λ°©μμ΄ μƒκ°λ³΄λ‹¤ μ•λ λ‹¤λ¥Έλ°©μ—μ„ ν¬κ² λ§ν•λ©΄ μ–΄λμ •λ„ λ“¤λ¦Ό κ·Έκ±° λΉΌκ³ λ” λ§μ΅±ν•©λ‹λ‹¤.']
164,κ³¨λ“  νν¬ νΈν…” μ μ£Ό (Golden Park Hotel Jeju),10.0,Kyunghee (λ€ν•λ―Όκµ­),μ»¤ν”/2μΈ μ—¬ν–‰κ°,"λ£Έ (μ‹±κΈ€λ² λ“ 2κ°, κΈμ—°)",2022λ…„ 6μ›” | 2λ°•,κ°•μ¶”,['κ°€μ„±λΉ„κ°‘ κ³µν•­κ·Όμ² λ™λ¬Έμ‹μ¥κ·Όμ² μ‚¬μ¥λ‹ λ‚΄μ™Έμ΄μ‹ μ§€λ” λ¨λ¥΄κ² μ§€λ§ λ‘λ¶„ λ‹¤ λ„λ¬΄ μΉμ ν•μ…”μ„ κΈ°λ¶„μΆ‹κ² μ—¬ν–‰ν•  μ μμ—μµλ‹λ‹¤. λ‹¤μμ— λ λ“¤λ¦¬κ² μµλ‹λ‹¤.']
165,κ³¨λ“  νν¬ νΈν…” μ μ£Ό (Golden Park Hotel Jeju),10.0,Woo (λ€ν•λ―Όκµ­),μ μ•„/μ•„λ™ λ™λ° κ°€μ΅± μ—¬ν–‰κ°,λ”λΈ” μ΄μ½”λ…Έλ―Έ,2022λ…„ 5μ›” | 3λ°•,κΉ¨λ—ν• μ™λ°•μ§€,['ν„μ¬ μ΄μ©μ¤‘μ΄λ©° μ΅°μ©ν•κ³  μ‚¬μ¥λ‹ λ‚΄μ™Έλ¶„μ΄ λ§¤μ° μΉμ ν•¨κ³Ό λ§¤μΌλ§¤μΌ μΎμ ν• μ™μ† μ μ§€λ¥Ό μ„ν•΄ μ—΄μ‹¬ν λ…Έλ­ν•μ‹λ” λ¨μµμ΄ μ•„λ¦„λ‹µμµλ‹λ‹¤.']
166,κ³¨λ“  νν¬ νΈν…” μ μ£Ό (Golden Park Hotel Jeju),10.0,mi (λ€ν•λ―Όκµ­),μ²­μ†λ…„ λ™λ° κ°€μ΅± μ—¬ν–‰κ°,νΈλ¦¬ν”(3μΈκΈ°μ¤€),2022λ…„ 7μ›” | 2λ°•,κΉ¨λ—ν•©λ‹λ‹¤.,['μ•„μ΄λ“¤κ³Ό ν•¨κ» ν¬κ²λ¶νΈν•¨μ—†μ΄ μλ³΄λ‚΄κ³ μ™”μ–΄μ”~ μ—°λ°•μ— μ‹Ή μ²­μ† ν•΄μ£Όμ‹κ³ ~ ν„°λ―Έλ„ κ³µν•­μ΄ κ°€κΉμ› μ΄λ™μ΄ νΈν–μ–΄μ”~^^']
167,κ³¨λ“  νν¬ νΈν…” μ μ£Ό (Golden Park Hotel Jeju),10.0,Sejung (λ€ν•λ―Όκµ­),κ·Έλ£Ή μ—¬ν–‰κ°,λ² μ΄μ§ νΈλ¦¬ν”λ£Έ,2022λ…„ 6μ›” | 2λ°•,μΉμ ν• μ™λ°•μ—…μ†,['λ‚¨μ μ§μ›λ¶„ λ¬΄μ²™ μΉμ ν•μ‹­λ‹λ‹¤ μ„Έλ…μ΄μ„ νΈλ¦¬ν”λ£Έ μ™λ°•ν–λ”λ° μ—¬λ¬κ°€μ§€ λ©΄μ—μ„ λ§μ΅±λλ” μ™μ†μ€μ–΄μ”']
168,κ³¨λ“  νν¬ νΈν…” μ μ£Ό (Golden Park Hotel Jeju),10.0,do (λ€ν•λ―Όκµ­),λ‚ν™€λ΅ μ—¬ν–‰κ°,λ”λΈ”λ£Έ,2021λ…„ 9μ›” | 4λ°•,μ λ†€λ‹¤ κ°‘λ‹λ‹¤.,['λ°©μ€ λ­ κ°€κ²© μƒκ°ν•μ‹λ©΄ ν° κΈ°λ€λ” μ•ν•μ‹¤ν…κ³ ... μ„μΉκ°€ λ„λ¬΄ μΆ‹μ•„μ„ κ³µν•­λ„ κ±Έμ–΄μ„ κ°λ§ ν•κ³  ν•λΌμ‚°λ„ μ°λ„λ„ λ€μ¤‘κµν†µμΌλ΅ λ‹¤λ‹κΈ° λ„λ¬΄λ‚ μΆ‹μ•μµλ‹λ‹¤. λ‹¤μμ— λ κ°κ²μ”.']
169,κ³¨λ“  νν¬ νΈν…” μ μ£Ό (Golden Park Hotel Jeju),10.0 μµκ³ ,SEO (λ€ν•λ―Όκµ­),λ‚ν™€λ΅ μ—¬ν–‰κ°,κ°μ‹¤μ •λ³΄μ—†μ,2021λ…„ 3μ›” | 2λ°•,μΆ‹μ•μµλ‹λ‹¤,['μ €λ ΄ν•κ³  κΉ¨λ—ν–μ–΄μ”. μ½”λ΅λ‚λΌ μ΅°μ‹μ€ μ—†μ—λ”λ° μ°Έ μΉμ ν•μ‹κ³  μΆ‹μ•μµλ‹λ‹¤. μ λ¬µμ—λ‹¤ κ°‘λ‹λ‹¤.']
170,κ³¨λ“  νν¬ νΈν…” μ μ£Ό (Golden Park Hotel Jeju),9.6,JINAH (λ€ν•λ―Όκµ­),λ‚ν™€λ΅ μ—¬ν–‰κ°,λ”λΈ”λ£Έ,2020λ…„ 5μ›” | 3λ°•,μ„μΉκ°€ μΆ‹μ•„μ”,"['λλ²…μ΄ μ—¬ν–‰μμΈλ° λ²„μ¤ν„°λ―Έλ„μ΄ 3λ¶„κ±°λ¦¬λΌμ„ μ •λ§ μΆ‹μ•μµλ‹λ‹¤. λ°© κΉ”λ”ν•κ³  κ°€κ²©λ€λΉ„ μ •λ§ κ΄μ°®μ•„μ”~ κ·Όμ²μ— CU, GS25 νΈμμ μ΄ μμ–΄ μΆ‹κµ¬μ”. μΉ¨κµ¬λ¥λ” λ‹¤μ† λ¶νΈν•  μ μμµλ‹λ‹¤. λ¬΄μ—‡λ³΄λ‹¤ μΉμ ν•μ…”μ„ μ λ¨Έλ¬Όλ €μµλ‹λ‹¤ ^^']"
171,κ³¨λ“  νν¬ νΈν…” μ μ£Ό (Golden Park Hotel Jeju),10.0 μµκ³ ,KIPPEUM (λ€ν•λ―Όκµ­),λ‚ν™€λ΅ μ—¬ν–‰κ°,κ°μ‹¤μ •λ³΄μ—†μ,2021λ…„ 1μ›” | 1λ°•,ν„°λ―Έλ„ μ΄κ·Όμ ‘,"['ν•λΌμ‚° λ“±μ‚°μ„ μ„ν•΄ μ λ§ μ λ©μ μΌλ΅ μμ•½ν–μµλ‹λ‹¤. λ―Έλ¦¬ λ‚λ°©λ„ ν‹€μ–΄λ†”μ£Όμ‹κ³ , μ§λ„ μ²΄ν¬μΈμ „, μ²΄ν¬μΈν›„ λ¨λ‘ λ³΄κ΄€ν•΄μ£Όμ…”μ„ μ •λ§ κ°μ‚¬ν–μµλ‹λ‹¤.']"
172,κ³¨λ“  νν¬ νΈν…” μ μ£Ό (Golden Park Hotel Jeju),10.0,Kyunghee (λ€ν•λ―Όκµ­),μ»¤ν”/2μΈ μ—¬ν–‰κ°,"λ£Έ (μ‹±κΈ€λ² λ“ 2κ°, κΈμ—°)",2022λ…„ 6μ›” | 1λ°•,κ°•μ¶”,['ν›„κΈ°μ“°κΈ°κ·€μ°®μ€λ° μ‚¬μ¥λ‹ λ„ μΉμ ν•μ‹κ³  μμ‰¬λ‹¤μ™€μ„ μ¨μ” κ°•μ¶”']
173,κ³¨λ“  νν¬ νΈν…” μ μ£Ό (Golden Park Hotel Jeju),10.0 μµκ³ ,SAEYUEN (λ€ν•λ―Όκµ­),μ»¤ν”/2μΈ μ—¬ν–‰κ°,κ°μ‹¤μ •λ³΄μ—†μ,2021λ…„ 8μ›” | 5λ°•,μµκ³ ,['κµν†µνΈλ¦¬ν•κ³  κ°μ‹¤μƒνƒλ„ κΉ¨λ—ν•κ³  λ„“μ–΄μ„ νΈν•κ³  μ μ£Όλ„λ―Όλ§›μ§‘ λ¬΄μ§„μ¥νμ§‘μ—μ„ ν•μΉλ¬Όν λ§›μμ—μ—μ–΄μ”']
174,κ³¨λ“  νν¬ νΈν…” μ μ£Ό (Golden Park Hotel Jeju),10.0,ILON (λ€ν•λ―Όκµ­),λ‚ν™€λ΅ μ—¬ν–‰κ°,λ”λΈ”λ£Έ,2022λ…„ 2μ›” | 1λ°•,μΆ‹μ•μ.,['λ²„μ¤ν„°λ―Έλ„ κ°€κΉμ›μ„ μΆ‹μ•μ. νΈμμ μ€ λ„λ³΄ 5λ¶„ μ •λ„μ΄κ³  λ°© κΉ¨λ—ν–μ. κ°€μ„±λΉ„ μΆ‹μ•μ.']
175,κ³¨λ“  νν¬ νΈν…” μ μ£Ό (Golden Park Hotel Jeju),9.6,Jungu (λ€ν•λ―Όκµ­),λ‚ν™€λ΅ μ—¬ν–‰κ°,λ”λΈ”λ£Έ,2021λ…„ 4μ›” | 1λ°•,κ°€μ„±λΉ„ μΆ‹μ€ νΈν…” ,"['μ£Όλ³€μ΄ μ΅°μ©ν•λ©° κ³µν•­μ— μ ‘κ·Όμ„± μΆ‹μ€ μ„μΉ, λ¨λ“  μ‹μ„¤μ΄ κΉ¨λ—ν•λ©° μΆ…μ‚¬μλ“¤μ΄ λ¬΄μ²™ μΉμ ν•¨']"
176,κ³¨λ“  νν¬ νΈν…” μ μ£Ό (Golden Park Hotel Jeju),10.0 μµκ³ ,inyoung (λ€ν•λ―Όκµ­),λ‚ν™€λ΅ μ—¬ν–‰κ°,κ°μ‹¤μ •λ³΄μ—†μ,2021λ…„ 3μ›” | 1λ°•,μ¶μ¥μΌλ΅ κ°”λ”λ° κ΄μ°®μ•μ–΄μ” ,['μ¶μ¥μΌλ΅ κ°„κ±°λΌ.. ν•λ£¨ λ¬µκΈ° κ΄μ°®μ•μ–΄μ” ~']
177,κ³¨λ“  νν¬ νΈν…” μ μ£Ό (Golden Park Hotel Jeju),9.6,DUK (λ€ν•λ―Όκµ­),μ¶μ¥ μ—¬ν–‰κ°,λ² μ΄μ§ νΈλ¦¬ν”λ£Έ,2022λ…„ 8μ›” | 1λ°•,"One room, 3 sing bed..","['3μΈ μ¶μ¥, 3κ°μ μ‹±κΈ€λ² λ“.. μ λ§ μκΈ°μ— λ”± μΆ‹μ•„μ”. μ„μΉλ„ μΆ‹κ³ .. μ£Όμ°¨μ¥μ€ μ—†μ§€λ§ μ£Όλ³€ μ΄λ©΄ λ„λ΅μ— λ°”λ΅ μ£Όμ°¨ν–λ„¤μ”.']"
178,κ³¨λ“  νν¬ νΈν…” μ μ£Ό (Golden Park Hotel Jeju),9.2 μµκ³ ,Kyoungseon (λ€ν•λ―Όκµ­),μ»¤ν”/2μΈ μ—¬ν–‰κ°,κ°μ‹¤μ •λ³΄μ—†μ,2021λ…„ 2μ›” | 2λ°•,κµν†µνΈλ¦¬,['λλ²…μ΄ μ—¬ν–‰μμ—κ² μµμƒμ μ™μ†μμ” λ²„μ¤ν„°λ―Έλ„μ΄ κ°€κΉμ›μ„ ν•λΌμ‚°μ„ λ²„μ¤λ΅ μ΄λ™ν•κΈ° νΈλ¦¬ν–κ³  κ³µν•­ μ£Όλ³€ μ—¬ν–‰λ„ νΈλ¦¬ν•μ€μ–΄μ” λν• μ €λ ΄ν• μ™λ°•μ”κΈμ— κΉ¨λ—ν•κ³  μ΅°μ©ν• νΈν…”μ΄λΌ λ§μ΅±ν• μ—¬ν–‰μ΄μ—λ„¤μ” κ°•μ¶”μ…λ‹λ‹¤']
179,κ³¨λ“  νν¬ νΈν…” μ μ£Ό (Golden Park Hotel Jeju),9.6 μµκ³ ,JINSEUNG (λ€ν•λ―Όκµ­),λ‚ν™€λ΅ μ—¬ν–‰κ°,κ°μ‹¤μ •λ³΄μ—†μ,2020λ…„ 8μ›” | 1λ°•,κ°€μ„±λΉ„ μΆ‹μ,['μ €λ ΄ν•κ³  κΉ¨λ—ν•¨. μ‚¬μ¥λ„ μΉμ ν•¨']
180,κ³¨λ“  νν¬ νΈν…” μ μ£Ό (Golden Park Hotel Jeju),9.6,SAEYUEN (λ€ν•λ―Όκµ­),μ»¤ν”/2μΈ μ—¬ν–‰κ°,λ”λΈ”λ£Έ,2021λ…„ 10μ›” | 8λ°•,μµκ³ ,['μ μ£Όμ—¬ν–‰μ¤λ©΄ κµν†µνΈλ¦¬ν•κ³  κ°€κ²©λ€λΉ„ νΈμ•ν•κ³  μΎμ ν•΄μ„ μμ£Όμ΄μ©ν•΄μ”']
181,κ³¨λ“  νν¬ νΈν…” μ μ£Ό (Golden Park Hotel Jeju),9.2,DOH (λ€ν•λ―Όκµ­),λ‚ν™€λ΅ μ—¬ν–‰κ°,λ”λΈ”λ£Έ,2021λ…„ 7μ›” | 4λ°•,κ°€μ„±λΉ„λ¥Ό λ”°μ§„λ‹¤λ©΄,"['μ„μΉκ°€ μ μ£Όμ‹ λ²„μ¤ν„°λ―Έλ„ λ°”λ΅ μ†μ΄λΌ μΆ‹κ³ , λ§¤μ° μ €λ ΄ν•κ³  μ‘μ€ λ°©μ΄μ§€λ§, κ΄€λ¦¬κ°€ μ λΌ μκ³ , μƒ¤μ›λ¶€μ¤κ°€ μμ–΄μ„ μΆ‹μ•μ–΄μ”.']"
182,κ³¨λ“  νν¬ νΈν…” μ μ£Ό (Golden Park Hotel Jeju),9.6 μµκ³ ,JINSEUNG (λ€ν•λ―Όκµ­),λ‚ν™€λ΅ μ—¬ν–‰κ°,κ°μ‹¤μ •λ³΄μ—†μ,2020λ…„ 8μ›” | 1λ°•,κ³µν•­ κ·Όμ² νΈν…”,['κ³µν•­μ—μ„ κ°€κΉκ³  κΉ¨λ—ν•¨']
183,κ³¨λ“  νν¬ νΈν…” μ μ£Ό (Golden Park Hotel Jeju),9.2,INKEE (λ€ν•λ―Όκµ­),λ‚ν™€λ΅ μ—¬ν–‰κ°,"λ£Έ (μ‹±κΈ€λ² λ“ 2κ°, κΈμ—°)",2020λ…„ 10μ›” | 2λ°•,ν•λΌμ‚° λ“±λ°μ„ μ„ν•μ—¬ μ €λ ΄ν•κ² λ¬µμ€ μ™μ†,['ν•λΌμ‚° λ“±λ°μ„ μ„ν•μ—¬ μ €λ ΄ν•κ² λ¬µμ€ μ™μ†']
184,κ³¨λ“  νν¬ νΈν…” μ μ£Ό (Golden Park Hotel Jeju),9.2 μµκ³ ,JUYOUNG (λ€ν•λ―Όκµ­),μ»¤ν”/2μΈ μ—¬ν–‰κ°,κ°μ‹¤μ •λ³΄μ—†μ,2020λ…„ 11μ›” | 1λ°•,κ°€μ„±λΉ„ λ€λ°•,['λ„ μ €λ ΄ν•΄μ„ κ±±μ •ν–λ”λ° μ™ κ±Έ μ΄μ •λ„ κ°€κ²©μ— μ΄ μ‹μ„¤μ΄λΌλ‹ ν•µκ°•μ¶”μ…λ‹λ‹¤']
185,κ³¨λ“  νν¬ νΈν…” μ μ£Ό (Golden Park Hotel Jeju),9.2,MIN (λ€ν•λ―Όκµ­),λ‚ν™€λ΅ μ—¬ν–‰κ°,λ”λΈ” μ΄μ½”λ…Έλ―Έ,2022λ…„ 6μ›” | 1λ°•,κ°€μ„±λΉ„ μµκ³ ,['μ„μΉλ„ μΆ‹κ³  κΉ¨λ™ν•κ³ . λλ²…μ΄ μ—¬ν–‰κ°λ“¤μ—κ²λ” μΆ‹μ€ μ„ νƒμ…λ‹λ‹¤.']
186,κ³¨λ“  νν¬ νΈν…” μ μ£Ό (Golden Park Hotel Jeju),8.8 μ°μ,byoungin (λ€ν•λ―Όκµ­),λ‚ν™€λ΅ μ—¬ν–‰κ°,κ°μ‹¤μ •λ³΄μ—†μ,2020λ…„ 10μ›” | 3λ°•,κ°€μ„±λΉ„,"['κ±±μ •ν–μΌλ‚ μ—°μ‹μ— λΉ„ν•΄ κΉ”λ” , μ΄λ¶λ„ κΉ”λ” λ‹΄λ°°λƒ„μƒ ν•λ‚λ„ μ•λ‚μ„ μΆ‹μ•μ , μ΅°μ©ν•¨ 3λ§μ›μ— λ” λ°”λ„κΊΌμ—†μ . λ²„μ¤λ΅ μ΄λ™ν• λ• μΆ‹μ•μ μ£Όλ³€μ— λ°±λ°μ§‘λ“¤ μ‹λ‹Ήλ“¤ λ¨Ήμ„λ§ν•¨']"
187,κ³¨λ“  νν¬ νΈν…” μ μ£Ό (Golden Park Hotel Jeju),8.0,EUNJI (λ€ν•λ―Όκµ­),κ·Έλ£Ή μ—¬ν–‰κ°,λ² μ΄μ§ νΈλ¦¬ν”λ£Έ,2021λ…„ 6μ›” | 2λ°•,λ§¤μ° μΆ‹μ,"['ν„°λ―Έλ„ κ·Όμ²μ— μ„μΉν•΄ μμ–΄μ„ μ„μΉλ” μ •λ§ μΆ‹μ•„μ”! μ£ΌμΈ μ•„μ£Όλ¨Έλ‹λ„ λ„ μΉμ ν•μ…”μ„ μΆ‹μ•μ–΄μ”~ μ‹¤λ‚΄λ“±μ΄ ν•λ‚λ°–μ— μ—†μ–΄μ„ μΌλ©΄ λλ¶€μ‹κ³  λ„λ©΄ λ„ μ–΄λ‘μ›μ„ κ·Έκ±΄ μΆ€ λ¶νΈ... μƒ΄ν”„,λ°”λ””μ›μ‹,ν•Έλ“μ›μ‹,λ©΄λ„κΈ°,μ¤ν‚¨,λ΅μ…,λ“λΌμ΄κΈ°λ” μμ§€λ§ λ¦°μ¤, λ©΄λ΄‰ κΈ°νƒ€ μΌνμ©ν’μ΄ κµ¬λΉ„λμ–΄μ Έ μμ§€ μ•μ•„μ„ κ·Έκ²ƒλ„ μΆ€ μ•„μ‰½... ν™”μ¥μ‹¤ μƒ¤μ›κΈ°κ°€ μ„μΉκ°€ ν‹€μ–΄μ Έ μμ–΄μ„... ν•Έλ“μƒ¤μ›κΈ°λ΅ μ΅κ³  μ”»μ–΄μ•Ό λλ‹¤λ” μ μ΄ μ μΌ λ¶νΈν–λ„¤μ”... κ·Έλ ‡μ§€λ§ κ°€κ²© μƒκ°ν•λ©΄ κΉ”λ”ν•κ³  κ΄μ°®μ•μ–΄μ”~']"
188,κ³¨λ“  νν¬ νΈν…” μ μ£Ό (Golden Park Hotel Jeju),8.8,Huijin (λ€ν•λ―Όκµ­),μ»¤ν”/2μΈ μ—¬ν–‰κ°,λ”λΈ”λ£Έ,2021λ…„ 5μ›” | 2λ°•,μ΄λ™ νΈλ¦¬,"['ν„°λ―Έλ„ κ·Όμ²λΌμ„ μ•„μΉ¨μΌμ° ν•λΌμ‚°, κ³µν•­ κ°€λ”λ° νΈλ¦¬ν–μ–΄μ”. λ‹¤λ§ μΉ¨λ€κ°€ λ”λΈ”μΈλ° λ‘μ΄ μκΈ°μ— μ‘μ•„μ„ λ¶νΈν–μ–΄μ”.']"
189,κ³¨λ“  νν¬ νΈν…” μ μ£Ό (Golden Park Hotel Jeju),9.2,EUNJUNG (λ€ν•λ―Όκµ­),λ‚ν™€λ΅ μ—¬ν–‰κ°,λ”λΈ” μ΄μ½”λ…Έλ―Έ,2021λ…„ 9μ›” | 3λ°•,κΉ¨λ—ν•©λ‹λ‹¤~~ ,['κ°€κ²©λ€λΉ„ λ°©μ΄ μ°Έ λ„“κ³  μΆ‹μ•„μ”~~']
190,κ³¨λ“  νν¬ νΈν…” μ μ£Ό (Golden Park Hotel Jeju),8.4,seok (λ€ν•λ―Όκµ­),λ‚ν™€λ΅ μ—¬ν–‰κ°,λ”λΈ” μ΄μ½”λ…Έλ―Έ,2021λ…„ 10μ›” | 2λ°•,κΉ¨λ—ν•©λ‹λ‹¤. ,['κ°μΈμ—¬ν–‰ νΉν ν•λΌμ‚°μ„ λλ²…μ΄λ΅ κ°€μ‹λ” λ¶„λ“¤. 5λ¶„κ±°λ¦¬ μ‹μ™Έλ²„μ¤ν„°λ―Έλ„ μ•μ—μ„ μ„±νμ•…ν–‰ λ²„μ¤λ‹¤λ‹λ‹ μ•„μ£Ό νΈν•©λ‹λ‹¤. λ°© κΉ¨λ—ν•κ³  μ™μ† μμ²΄ νΈμμ‹μ„¤μ€ μ—†μΌλ‚ μ£Όμ„μ— μ‹λ‹Ήκ°€κΉκ³  λ™λ¬Έμ‹μ¥μ΄λ‚ μ©λ‘μ•” λ―Όμ†5μΌμ¥ λ“± μ μ£Όμ‹ κ΄€κ΄‘μ§€λ“±λ„ μ„μΉ μƒ κ°€κΉμµλ‹λ‹¤.']
191,κ³¨λ“  νν¬ νΈν…” μ μ£Ό (Golden Park Hotel Jeju),8.0,Kwangjae (λ€ν•λ―Όκµ­),μ»¤ν”/2μΈ μ—¬ν–‰κ°,λ”λΈ”λ£Έ,2019λ…„ 11μ›” | 1λ°•,μ„μΉ νΈμμ„± ν›λ¥­. μ§μ›μ„λΉ„μ¤ μ°μ. κ°€κ²©λ€λΉ„ λ§μ΅±. μ£Όμ°¨μ¥ λ―ΈλΉ„λ” λ‹¨μ . ,"['μ„μΉ νΈμμ„± λ§¤μ° μΆ‹κ³  μ§μ›μ„λΉ„μ¤ λ‚λ¦„ μΆ‹μΌλ©° μ „λ°μ μΌλ΅ λ§μ΅±μ¤λ¬μ°λ‚ μ£Όμ°¨μ¥ μ‹μ„¤μ΄ μ—†λ” κ² ν . λ ν„°μΉ΄λ¥Ό μ΄μ©μΉ μ•κ³  λ€μ¤‘κµν†µ μ΄μ© μ—¬ν–‰μλΌλ©΄ κ°•λ ¥ μ¶”μ²ν• λ§ν• μ™λ°•μ§€. λ ν„°μΉ΄ μ΄μ© μ‹μ—λ” μΈκ·Ό κ³¨λ©κΈΈ μΌλ ¬μ£Όμ°¨λ‚ λ’¤νΈ μΆ…ν•©μ΄λ™μ¥ μ½μΌλ΅ μ£Όμ°¨ν•κ³  μ™€μ•Ό ν•λ” λ¶νΈ κ°μ. μ΄κ²ƒλ§ λΉΌλ©΄ κ°€κ²© λ€λΉ„ κ½¤ κ΄μ°®μ€ κ³³μ„.(ν„°λ―Έλ„ λ„λ³΄ 3λ¶„ κ±°λ¦¬. κµ¬μ μ£Ό νƒ‘λ™μ΄λ‚ κ΄€λ•μ •, μ‹μ²­ λ“± μ‹λ‚΄ λ°©λ©΄μΌλ΅λ„ μ ‘κ·ΌνΈμμ„± λ§¤μ° μΆ‹μ)']"
192,κ³¨λ“  νν¬ νΈν…” μ μ£Ό (Golden Park Hotel Jeju),8.8,DUCK (λ€ν•λ―Όκµ­),λ‚ν™€λ΅ μ—¬ν–‰κ°,λ”λΈ”λ£Έ,2019λ…„ 12μ›” | 1λ°•,νν¬νΈν…” μ΄μ©κΈ°,['κ°€κ²©λ„ μ €λ ΄ν•λ° μ„μΉκ°€ μΆ‹μ•„μ„ νΈν•κ² μ‰¬λ‹¤μ™”λ„¤μ”']
193,κ³¨λ“  νν¬ νΈν…” μ μ£Ό (Golden Park Hotel Jeju),8.4,JUNGEUN (λ€ν•λ―Όκµ­),μ»¤ν”/2μΈ μ—¬ν–‰κ°,λ”λΈ”λ£Έ,2021λ…„ 6μ›” | 1λ°•,μ μ£Όκ³µν•­ κ·Όμ² κ°€μ„±λΉ„ μΆ‹μ€ νΈν…”,['λΉ„ν–‰κΈ° λ–¨μ–΄μ§€λ” μ‹κ°„μ΄ μ• λ§¤ν• λ‚  ν•λ£¨ λ¬µκΈ° κ°€μ„±λΉ„ μµμƒμ νΈν…”μΈ κ²ƒ κ°™μ•„μ” κ³µν•­μ΄λ‘ κ°€κΉμ› λ²„μ¤νƒ€κ³  λ°©λ¬Έλ„ κ°€λ¥ν•©λ‹λ‹¤.']
194,κ³¨λ“  νν¬ νΈν…” μ μ£Ό (Golden Park Hotel Jeju),8.4 μ°μ,INKEE (λ€ν•λ―Όκµ­),λ‚ν™€λ΅ μ—¬ν–‰κ°,κ°μ‹¤μ •λ³΄μ—†μ,2020λ…„ 10μ›” | 2λ°•,ν•λΌμ‚° μ‚°ν–‰μ„ μ„ν•μ—¬ μ΄μ©ν• μ™μ†,"['ν•λΌμ‚° μ„±νμ•…, μμ‹¤κΉμ§€μ μ΄λ™μ„ λ€μ¤‘κµν†µμ„ μ΄μ©ν• λ ¤κ³  μ μ£Όλ²„μ¤ν„°λ―Έλ„ λ¶€κ·Ό μ™μ†λ¥Ό μ°Ύλ μ¤‘ μ„ νƒν• κ³³.']"
195,κ³¨λ“  νν¬ νΈν…” μ μ£Ό (Golden Park Hotel Jeju),8.4 μ°μ,YOUNGAE (λ€ν•λ―Όκµ­),λ‚ν™€λ΅ μ—¬ν–‰κ°,κ°μ‹¤μ •λ³΄μ—†μ,2021λ…„ 2μ›” | 1λ°•,κ°€μ„±λΉ„ μµκ³ ,['μ•„κ³ λ‹¤ ν• μΈλ°›μΌλ©΄ μ λ§μκ³  μΌμ • λΉ¨λ¦¬ μ§„ν–‰ν•  μ‚¬λλ“¤μ—κ² μµκ³ μ…λ‹λ‹¤. κ°€κΉμ΄ κ³³μ— μΉ λκ°€ ν‘λΌμ§€ λ§›μ§‘μκµ¬μ”.']
196,κ³¨λ“  νν¬ νΈν…” μ μ£Ό (Golden Park Hotel Jeju),8.4,yukyeng (λ€ν•λ―Όκµ­),λ‚ν™€λ΅ μ—¬ν–‰κ°,λ”λΈ”λ£Έ,2021λ…„ 8μ›” | 1λ°•,κ°€μ„±λΉ„λ¥Ό λ”°μ§„λ‹¤λ©΄ μ¶”μ²!,['λ¦κ² μ μ£Ό λ„μ°©ν•΄μ„ λ‹¤μ λ‚  μΌμ° μΌμ •μμΌμ‹  λ¶„. κ°€μ„±λΉ„ λ€λΉ„ μ¶”μ²']
197,κ³¨λ“  νν¬ νΈν…” μ μ£Ό (Golden Park Hotel Jeju),8.0 μ°μ,Won (λ€ν•λ―Όκµ­),μ μ•„/μ•„λ™ λ™λ° κ°€μ΅± μ—¬ν–‰κ°,κ°μ‹¤μ •λ³΄μ—†μ,2021λ…„ 1μ›” | 1λ°•,μΆ‹μ•μ–΄μ”,['ν„°λ―Έλ„ κ·Όμ²λΌ μ„μΉμƒ μΆ‹κ³  μ‚¬μ¥λ‹λ„ μΉμ ν•μ‹λ„¤μ”.']
198,κ³¨λ“  νν¬ νΈν…” μ μ£Ό (Golden Park Hotel Jeju),7.6,CHEON (λ€ν•λ―Όκµ­),λ‚ν™€λ΅ μ—¬ν–‰κ°,λ”λΈ” μ΄μ½”λ…Έλ―Έ,2021λ…„ 6μ›” | 1λ°•,μ§μ›λ¶„λ“¤ μΉμ ν•΄μ” μ„μΉ κµ³~,['κ° μ°¬μ•„μ„ μ—°μ¥κΉμ§€ ν–λ”λ° μƒλ²½ μκΈ°μ „μ— μ΄λ¶ μ•μ½μ—μ„ ν„Έμ„λ΄μ„ μ μ„ λ»μ£λ„¤μ—¬ κ·Έκ²ƒλ§ μ•„λ‹λ©΄ 90μ μ΄μƒμ…λ‹λ‹¤']
199,κ³¨λ“  νν¬ νΈν…” μ μ£Ό (Golden Park Hotel Jeju),8.0,Jung (λ€ν•λ―Όκµ­),μ¶μ¥ μ—¬ν–‰κ°,λ”λΈ” μ΄μ½”λ…Έλ―Έ,2021λ…„ 9μ›” | 1λ°•,μ μ£Ό μΆ…ν•© κ²½κΈ°μ¥κ³Ό κ°€κΉμ›μ„ μΆ‹μµλ‹λ‹¤.,['μ¶μ…κµ¬κ°€ νƒ νΈμ—¬μ„ μΆ‹μµλ‹λ‹¤.']
200,κ³¨λ“  νν¬ νΈν…” μ μ£Ό (Golden Park Hotel Jeju),8.0,Jooyoung (λ€ν•λ―Όκµ­),μ»¤ν”/2μΈ μ—¬ν–‰κ°,λ”λΈ”λ£Έ,2021λ…„ 11μ›” | 1λ°•,λ§¤μ° μΆ‹μ,['ν„°λ―Έλ„ μ†μ΄λΌ μ΄λ™ νΈμμ„±μ΄ μΆ‹μ•„ λ‹¤μ λ²μ—λ„ μ΄μ©ν•  κ²ƒ κ°™λ„¤μ”.']
201,κ³¨λ“  νν¬ νΈν…” μ μ£Ό (Golden Park Hotel Jeju),7.2,Jaekyoo (λ€ν•λ―Όκµ­),λ‚ν™€λ΅ μ—¬ν–‰κ°,λ² μ΄μ§ νΈλ¦¬ν”λ£Έ,2021λ…„ 11μ›” | 2λ°•,μ‹±κΈ€μΉ¨λ€ 3κ° λ£Έ λ³΄μ ν• κ°€μ„±λΉ„ μΆ‹μ€ νΈν…”,['μΉκµ¬λ“¤κ³Ό ν•¨κ» ν•λΌμ‚° λ“±λ°μ„ μ„ν•΄ λ‚¨μ 3λ…μ΄ 2λ°•ν•  μ™μ†λ¥Ό μ°Ύκ³  μμ—μµλ‹λ‹¤. μ‹±κΈ€μΉ¨λ€ 3κ°κ°€ μλ” λ£Έμ΄ μκ³  μ„±νμ•…μΌλ΅ κ°€λ” 181λ² λ²„μ¤ μ¶λ°μ μΈ λ²„μ¤ν„°λ―Έλ„κ³Ό κ°€κΉκ³  μΈκ·Όμ— κΈ°μ‚¬μ‹λ‹Ή λ¶„μ„κΈ°μ λ§›μ§‘λ“¤μ΄ μ—¬λ¬κ³³ μκ³  κ°€μ„±λΉ„ μΆ‹μ€ μ°λ¦¬ μ—¬ν–‰μ— λ”± λ§λ” νΈν…”μ΄μ—μµλ‹λ‹¤.']
202,κ³¨λ“  νν¬ νΈν…” μ μ£Ό (Golden Park Hotel Jeju),7.6,Bar (λ€ν•λ―Όκµ­),λ‚ν™€λ΅ μ—¬ν–‰κ°,λ”λΈ”λ£Έ,2020λ…„ 10μ›” | 2λ°•,κ°€μ„±λΉ„ μΆ‹μµλ‹λ‹¤,['ν•λΌμ‚° λ“±λ°μ‹ ν•λ£¨ λ¬µμ–΄κ°€κΈ° μΆ‹μµλ‹λ‹¤. ν„°λ―Έλ„ μ†μ΄λΌ λ€μ¤‘κµν†µ μ΄μ© νΈλ¦¬ν•©λ‹λ‹¤.']
203,κ³¨λ“  νν¬ νΈν…” μ μ£Ό (Golden Park Hotel Jeju),8.0 μ°μ,Jeha (λ€ν•λ―Όκµ­),κ·Έλ£Ή μ—¬ν–‰κ°,κ°μ‹¤μ •λ³΄μ—†μ,2021λ…„ 5μ›” | 1λ°•,κ³µν•­μ—μ„ κ°€κΉκ³ ,['μ‹Έκ³  μΆ‹μ•μ—‰α†Άγ„·']
204,κ³¨λ“  νν¬ νΈν…” μ μ£Ό (Golden Park Hotel Jeju),7.6,sun (λ€ν•λ―Όκµ­),λ‚ν™€λ΅ μ—¬ν–‰κ°,λ”λΈ”λ£Έ,2019λ…„ 8μ›” | 1λ°•,μ μ ν• μ™μ†,['ν¬κ² μ¥μ μ€ μ—†μ§€λ§ λ‹¨μ λ„ μ—†μ–΄μ„ μΆ‹μ•„μ”']
205,κ³¨λ“  νν¬ νΈν…” μ μ£Ό (Golden Park Hotel Jeju),7.6 λ§¤μ° μΆ‹μ,SUNHEE (λ€ν•λ―Όκµ­),λ‚ν™€λ΅ μ—¬ν–‰κ°,κ°μ‹¤μ •λ³΄μ—†μ,2020λ…„ 10μ›” | 1λ°•,λ§¤μ° μΆ‹μ,['κµν†µ. νΈλ¦¬ν•κ³  μ €λ ΄ν•λ‚ μ†λ°© μ†λ¦¬κ°€ ν‹€λ¦Ό']
206,κ³¨λ“  νν¬ νΈν…” μ μ£Ό (Golden Park Hotel Jeju),7.6 λ§¤μ° μΆ‹μ,SUNHEE (λ€ν•λ―Όκµ­),λ‚ν™€λ΅ μ—¬ν–‰κ°,κ°μ‹¤μ •λ³΄μ—†μ,2021λ…„ 1μ›” | 1λ°•,κ°€μ„±λΉ„ μΆ‹μ,['κ°€μ„±λΉ„ μΆ‹μ κ³µν•­μ—μ„λ„ κ°€κΉμ›€']
207,κ³¨λ“  νν¬ νΈν…” μ μ£Ό (Golden Park Hotel Jeju),6.0,LEE (λ€ν•λ―Όκµ­),λ‚ν™€λ΅ μ—¬ν–‰κ°,λ”λΈ” μ΄μ½”λ…Έλ―Έ,2022λ…„ 5μ›” | 1λ°•,ν•λ£¨ μ μλ” μ©λ„λ΅ μΆ‹μ•„μ”,['ν•λ£¨ μ μλ” μ©λ„λ΅ μΆ‹μ•„μ”']
208,κ³¨λ“  νν¬ νΈν…” μ μ£Ό (Golden Park Hotel Jeju),5.2,Myeongrae (λ€ν•λ―Όκµ­),λ‚ν™€λ΅ μ—¬ν–‰κ°,κ°μ‹¤μ •λ³΄μ—†μ,2021λ…„ 7μ›” | 2λ°•,μ΄μ©ν›„κΈ°,['μ„μΉλ” μΆ‹μ•„μ”. λƒ‰μ¥κ³ κ°€ λ„λ¬΄ μ•μ΄μ›ν•κ³ ..λΉ„λ°κ°€ μ—†μ–΄μ”.']
209,κ³¨λ“  νν¬ νΈν…” μ μ£Ό (Golden Park Hotel Jeju),4.4,youran (λ€ν•λ―Όκµ­),λ‚ν™€λ΅ μ—¬ν–‰κ°,λ”λΈ”λ£Έ,2022λ…„ 8μ›” | 1λ°•,λ– λ‚κΈ°μ „μ— ν•λ£¨λ¬µμ„ μ™μ†,['κ·Έλƒ¥ μ΄μ‚Όλ§μ› λ”μ£Όκ³  νΈν…” κ°€μ‹λ”κ² μΆ‹μ„κ±°κ°™μ•„μ” λ‹΄λ°°λƒ„μƒ λ„λ¬΄ λ§μ΄λ‚μ”']
210,κ³¨λ“  νν¬ νΈν…” μ μ£Ό (Golden Park Hotel Jeju),4.0,Hyeonjeong (λ€ν•λ―Όκµ­),μ²­μ†λ…„ λ™λ° κ°€μ΅± μ—¬ν–‰κ°,μ£Όλ‹μ–΄ μ¤μ„νΈ,2021λ…„ 7μ›” | 1λ°•,λ¨ν…” μμ¤€,"['μ •λ§ μ΄λ¦„λ§ νΈν…”μ΄λ„¤μ”. κ·Έλƒ¥ κ³µν•­μ—μ„ κ°€κΉμ΄ νΈν…”μ—μ„ ν•λ£»λ°¤ μƒκ°ν•κ³  λ„λ¬΄ μ‰½κ² νΈν…”μ„ μ΅μ•λ‚λ΄μ”. κ·Έ μ† κ³¨λ©μ— μ¦λΉ„ν• λ”± λ¨ν…”μμ¤€μΈλ°, νΈν…”μ΄λΌλ” μ΄λ¦„λ§ λ³΄κ³  μλ» μμ•½ν–μ–΄μ”. μµμ•…μΈ κ²ƒμ€ μ£Όμ°¨μ¥λ„ μ—†λ” νΈν…”μ…λ‹λ‹¤.']"
211,κ³¨λ“  νν¬ νΈν…” μ μ£Ό (Golden Park Hotel Jeju),3.6,YOUNGSOOK (λ€ν•λ―Όκµ­),λ‚ν™€λ΅ μ—¬ν–‰κ°,κ°μ‹¤μ •λ³΄μ—†μ,2020λ…„ 10μ›” | 1λ°•,κ³¨λ“ νν¬ν›„κΈ°,['μΌμΌν¬μ–΄μ¶λ°μ¥μ† νΈμμƒ μ„ νƒν–λ”λ° λ¨ν…”μμ¤€! μ΅°μ‹μ—†μ.']
212,κ³¨λ“  νν¬ νΈν…” μ μ£Ό (Golden Park Hotel Jeju),2.0,CHAN (λ€ν•λ―Όκµ­),λ‚ν™€λ΅ μ—¬ν–‰κ°,λ”λΈ”λ£Έ,2021λ…„ 5μ›” | 1λ°•,κ°€κ²©μ— λ§λ” μμ¤€,['ν”ν• λ¨ν…” μμ¤€. λ²„μ¤ν„°λ―Έλ„μ—μ„ κ°€μ¥ κ°€κΉμ›€. ν•λΌμ‚° λ“±λ°μ„ μ„ν•΄ μƒλ²½ μ¶λ° νΈλ¦¬. κ°€κ²©μ— λ§λ” μμ¤€~']
213,κ³¨λ“  νν¬ νΈν…” μ μ£Ό (Golden Park Hotel Jeju),10.0,hoejin (λ€ν•λ―Όκµ­),λ‚ν™€λ΅ μ—¬ν–‰κ°,λ”λΈ”λ£Έ,2023λ…„ 2μ›” | 2λ°•,μ¶”μ²ν•©λ‹λ‹¤,"['μ„μΉκ°€ λ„λ¬΄ μΆ‹μ•„ (ν„°λ―Έλ„ λ°”λ΅λ’¤) λλ²…μ΄ μ—¬ν–‰μμ—κ² μµκ³ μ μ„μΉμΌλ“―ν•©λ‹λ‹¤. κ³µν•­μ—μ„ λ²„μ¤ ν•μ •κ±°μ¥, ν„°λ―Έλ„μ—μ„ 5λ¶„. κΉ”λ”ν•κ³  μ΅°μ©ν•κ³  λ”±μΆ‹μ•„μ”. μ£ΌμΈλ¶„λ„ λ„λ¬΄ μΉμ ν•μ„Έμ”. κ°μΈμ—¬ν–‰κ°λ• λ‹¤μ‹ μ—¬κΈ° λ¨Έλ¬΄λ¥Ό κ²λ‹λ‹¤. μ¶”μ²μ¶”μ²']"
214,κ³¨λ“  νν¬ νΈν…” μ μ£Ό (Golden Park Hotel Jeju),10.0,Gabin (λ€ν•λ―Όκµ­),μ»¤ν”/2μΈ μ—¬ν–‰κ°,μ‹±κΈ€-μ‹±κΈ€(2μΈκΈ°μ¤€),2023λ…„ 2μ›” | 1λ°•,μ§„μ§ κ°€μ„±λΉ„λ¥Ό λ„μ€ λ„λ¬΄μΆ‹μ€μ™μ†,['μ„μƒ λ„λ¬΄ ν›λ¥­ν•κµ¬μ” μΉ¨κµ¬λ” μ—„μ²­ λ½€μ†λ½€μ†΅ κΉ¨λ— ν¬κ·Όν• λƒ„μƒμ— κΈ°λ¶„μ΄ μΆ‹μ•„μ§€κ³  λ¶€λ“¤λ¶€λ“¤ν•©λ‹λ‹¤ μ§μ›λ¶„λ„ μΉμ ν•μ‹κµ¬μ” μ”μ¦ μ—¬κΈ°λ§ κ°€κ³ μμ–΄μ”']
215,κ³¨λ“  νν¬ νΈν…” μ μ£Ό (Golden Park Hotel Jeju),9.2,JUNGSOON (λ€ν•λ―Όκµ­),μ μ•„/μ•„λ™ λ™λ° κ°€μ΅± μ—¬ν–‰κ°,λ”λΈ”-μ‹±κΈ€(2μΈκΈ°μ¤€),2023λ…„ 1μ›” | 1λ°•,κ°μ‚¬ν•©λ‹λ‹¤.,['μ²­κ²°ν•©λ‹λ‹¤. λ¨Έλ¬΄λ” λ™μ• λ°°λ ¤ν•΄μ£Όμ‹¬μ— κ°μ‚¬λ“λ¦½λ‹λ‹¤.']
216,κ³¨λ“  νν¬ νΈν…” μ μ£Ό (Golden Park Hotel Jeju),9.2,JUNGSOON (λ€ν•λ―Όκµ­),μ μ•„/μ•„λ™ λ™λ° κ°€μ΅± μ—¬ν–‰κ°,μ‹±κΈ€-μ‹±κΈ€(2μΈκΈ°μ¤€),2023λ…„ 1μ›” | 1λ°•,λ§μ΅±ν•©λ‹λ‹¤.,['κ²°ν•­μΌλ΅ μ μ‹ λ¨Έλ¬Όλ €μµλ‹λ‹¤. κ°‘μκΈ° λ€μ²΄νΈμ΄ μƒκ²¨ κΈ‰ν•κ² κ³µν•­μΌλ΅ κ°€λ” λ°΄μ΄ ν•„μ”ν–λ”λ° μ‚¬μ¥λ‹μ λ„μ›€μΌλ΅ μμ•½ ν•  μ μμ—μµλ‹λ‹¤. κ°€κ²© λ€λΉ„ λ§μ΅±ν•κ³  μ²­κ²°μ— μ‹ κ²½μ“°μ‹λ” κ²ƒμ΄ λκ»΄μ΅μµλ‹λ‹¤. λ§μ νΈν λ¨Έλ¬Όμ—μµλ‹λ‹¤. κ°μ‚¬ν•©λ‹λ‹¤.']
217,κ³¨λ“  νν¬ νΈν…” μ μ£Ό (Golden Park Hotel Jeju),9.6,jeongseon (λ€ν•λ―Όκµ­),κ·Έλ£Ή μ—¬ν–‰κ°,"λ£Έ (μ‹±κΈ€λ² λ“ 2κ°, κΈμ—°)",2023λ…„ 1μ›” | 1λ°•,μΆ‹μ•μ–΄μ”,['κΉ”λ”ν•κ³  κ³µν•­κ°€κΉμ›μ„μΆ‹ μ—μ–΄μ”']
218,κ³¨λ“  νν¬ νΈν…” μ μ£Ό (Golden Park Hotel Jeju),10.0,Yoonsik (λ€ν•λ―Όκµ­),μ¶μ¥ μ—¬ν–‰κ°,λ”λΈ”λ£Έ,2022λ…„ 10μ›” | 2λ°•,μ΄μ©ν›„κΈ°,['κ³µν•­κ³Ό κ°€κΉκ³  κ·Όμ²μ— μ‹λ‹Ήλ„ μμ–΄μ” λ‚¨μ μ‚¬μ¥λ‹ μΉμ ν•μ„Έμ”']
219,κ³¨λ“  νν¬ νΈν…” μ μ£Ό (Golden Park Hotel Jeju),8.0,Lee (λ€ν•λ―Όκµ­),λ‚ν™€λ΅ μ—¬ν–‰κ°,"λ£Έ (μ‹±κΈ€λ² λ“ 2κ°, κΈμ—°)",2022λ…„ 12μ›” | 2λ°•,κ°€μ„±λΉ„ μΆ‹μ€ νΈν…”,['μ „λ°μ μΌλ΅ κΉ¨λ—ν•κ³  λλ²…μ΄ μ—¬ν–‰μ— μµκ³ μΆ‹μ€ μ‹μ™Έλ²„μ¤ν„°λ―Έλ„μ΄ κ±Έμ–΄μ„ 5λ¶„μ΄λΌ μ μ£Ό μ–΄λ””λ‚ λ²„μ¤νƒ€κ³  κ°μ μμ–΄μ”. λ¬Όλ΅  ν•λΌμ‚° κ°€λ” λ²„μ¤λ„μ”']
